"vessel_rnpa","name","port","economic_unit","src","seg_id","point_in_seg","datetime","lat","lon","sea","eez","mpa","fishing_region","distance_from_port_m","distance_from_shore_m","depth_m","reported_speed","course","year","month","distance_to_last_m","hours","implied_speed_knots"
"00034389","PROPEMEX A-23-G","TUXPAN  VER.","PESCADOS Y MARISCOS MORA, S.A. DE C.V.","11-20-DIC-2016","00034389_98",23394,2016-12-14 01:48:00,21.00717,-97.25642,5,8429,0,5,12338.737398386,20392.1973705292,-13.9109678268433,12.872,43,2016,12,4300.34302065389,NA,NA
"00034389","PROPEMEX A-23-G","TUXPAN  VER.","PESCADOS Y MARISCOS MORA, S.A. DE C.V.","11-20-DIC-2016","00034389_98",23395,2016-12-14 02:48:00,21.01123,-97.14947,5,8429,0,5,22757.5615048409,30047.3570823669,-36.1851463317871,11.263,87,2016,12,11123.1535967548,1,6.00602246045078
"00034389","PROPEMEX A-23-G","TUXPAN  VER.","PESCADOS Y MARISCOS MORA, S.A. DE C.V.","11-20-DIC-2016","00034389_98",23396,2016-12-14 03:48:00,21.0336,-97.04713,5,8429,0,5,28907.64772892,36460.9301090241,-59.3090934753418,9.654,40,2016,12,10921.010531232,1,5.89687393695034
"00034389","PROPEMEX A-23-G","TUXPAN  VER.","PESCADOS Y MARISCOS MORA, S.A. DE C.V.","11-20-DIC-2016","00034389_98",23397,2016-12-14 04:48:00,21.1018,-96.96715,5,8429,0,5,39214.8643732071,46886.1490488052,-158.899154663086,11.263,53,2016,12,11253.0762056247,1,6.0761750570328
"00034389","PROPEMEX A-23-G","TUXPAN  VER.","PESCADOS Y MARISCOS MORA, S.A. DE C.V.","11-20-DIC-2016","00034389_98",23398,2016-12-14 05:48:00,21.154,-96.9018,5,8429,0,5,46533.2418680191,54716.557264328,-321.658721923828,6.436,56,2016,12,8932.8161496926,1,4.82333485404568
"00034389","PROPEMEX A-23-G","TUXPAN  VER.","PESCADOS Y MARISCOS MORA, S.A. DE C.V.","11-20-DIC-2016","00034389_98",23399,2016-12-14 06:48:00,21.15093,-96.88518,5,8429,0,5,51733.3567142487,59652.7695655823,-462.585052490234,1.609,167,2016,12,1759.00280338444,1,0.949785530985118
"00034389","PROPEMEX A-23-G","TUXPAN  VER.","PESCADOS Y MARISCOS MORA, S.A. DE C.V.","11-20-DIC-2016","00034389_98",23400,2016-12-14 07:48:00,21.13785,-96.8777,5,8429,0,5,49753.6897659302,57411.6706848145,-396.900177001953,1.609,141,2016,12,1650.23015855775,1,0.891053001381077
"00034389","PROPEMEX A-23-G","TUXPAN  VER.","PESCADOS Y MARISCOS MORA, S.A. DE C.V.","11-20-DIC-2016","00034389_98",23401,2016-12-14 08:48:00,21.12418,-96.8703,5,8429,0,5,49753.6897659302,57411.6706848145,-396.900177001953,3.218,124,2016,12,1704.73190874026,1,0.920481592192365
"00034389","PROPEMEX A-23-G","TUXPAN  VER.","PESCADOS Y MARISCOS MORA, S.A. DE C.V.","11-20-DIC-2016","00034389_98",23402,2016-12-14 09:48:00,21.10952,-96.86282,5,8429,0,5,49753.6897659302,57411.6706848145,-396.900177001953,1.609,142,2016,12,1807.37876348886,1,0.975906459767202
"00034389","PROPEMEX A-23-G","TUXPAN  VER.","PESCADOS Y MARISCOS MORA, S.A. DE C.V.","11-20-DIC-2016","00034389_98",23403,2016-12-14 10:48:00,21.09318,-96.85602,5,8429,0,5,47598.871588707,55630.8150291443,-344.523712158203,1.609,172,2016,12,1951.2499686366,1,1.0535906958081
"00034389","PROPEMEX A-23-G","TUXPAN  VER.","PESCADOS Y MARISCOS MORA, S.A. DE C.V.","11-20-DIC-2016","00034389_98",23404,2016-12-14 11:48:00,21.07722,-96.85023,5,8429,0,5,47598.871588707,55630.8150291443,-344.523712158203,1.609,178,2016,12,1875.68386878538,1,1.01278826608282
"00034389","PROPEMEX A-23-G","TUXPAN  VER.","PESCADOS Y MARISCOS MORA, S.A. DE C.V.","11-20-DIC-2016","00034389_98",23405,2016-12-14 12:48:00,21.06275,-96.84355,5,8429,0,5,50889.2178535461,58994.9429035187,-420.524810791016,0,0,2016,12,1753.90074933165,1,0.947030642187715
"00034389","PROPEMEX A-23-G","TUXPAN  VER.","PESCADOS Y MARISCOS MORA, S.A. DE C.V.","11-20-DIC-2016","00034389_98",23406,2016-12-14 13:48:00,21.12882,-96.87117,5,8429,0,5,49753.6897659302,57411.6706848145,-396.900177001953,9.654,336,2016,12,7894.22511139389,1,4.26254055690815
"00034389","PROPEMEX A-23-G","TUXPAN  VER.","PESCADOS Y MARISCOS MORA, S.A. DE C.V.","11-20-DIC-2016","00034389_98",23407,2016-12-14 14:48:00,21.21265,-96.90375,5,8429,0,5,47212.8123044968,57565.9334659576,-425.997161865234,9.654,338,2016,12,9925.48452285551,1,5.35933289571032
"00034389","PROPEMEX A-23-G","TUXPAN  VER.","PESCADOS Y MARISCOS MORA, S.A. DE C.V.","11-20-DIC-2016","00034389_98",23408,2016-12-14 15:48:00,21.2233,-96.90362,5,8429,0,5,47212.8123044968,57565.9334659576,-425.997161865234,6.436,287,2016,12,1185.62409653825,1,0.640185797266872
"00034389","PROPEMEX A-23-G","TUXPAN  VER.","PESCADOS Y MARISCOS MORA, S.A. DE C.V.","11-20-DIC-2016","00034389_98",23409,2016-12-14 16:48:00,21.25103,-96.9491,5,8429,0,5,47026.4852046967,60641.9742107391,-564.422973632813,6.436,32,2016,12,5638.55339669878,1,3.04457526819588
"00034389","PROPEMEX A-23-G","TUXPAN  VER.","PESCADOS Y MARISCOS MORA, S.A. DE C.V.","11-20-DIC-2016","00034389_98",23410,2016-12-14 17:48:00,21.18188,-96.92425,5,8429,0,5,46533.2418680191,54716.557264328,-321.658721923828,11.263,172,2016,12,8118.37018154506,1,4.38356921249733
"00034389","PROPEMEX A-23-G","TUXPAN  VER.","PESCADOS Y MARISCOS MORA, S.A. DE C.V.","11-20-DIC-2016","00034389_98",23411,2016-12-14 18:48:00,21.1548,-96.91507,5,8429,0,5,46533.2418680191,54716.557264328,-321.658721923828,4.827,148,2016,12,3161.58324760417,1,1.70711838423551
"00034389","PROPEMEX A-23-G","TUXPAN  VER.","PESCADOS Y MARISCOS MORA, S.A. DE C.V.","11-20-DIC-2016","00034389_98",23412,2016-12-14 19:48:00,21.15488,-96.89805,5,8429,0,5,51733.3567142487,59652.7695655823,-462.585052490234,4.827,44,2016,12,1766.98815787501,1,0.954097277470309
"00034389","PROPEMEX A-23-G","TUXPAN  VER.","PESCADOS Y MARISCOS MORA, S.A. DE C.V.","11-20-DIC-2016","00034389_98",23413,2016-12-14 20:48:00,21.1682,-96.88262,5,8429,0,5,51733.3567142487,59652.7695655823,-462.585052490234,1.609,310,2016,12,2182.7082284691,1,1.17856815792068
"00034389","PROPEMEX A-23-G","TUXPAN  VER.","PESCADOS Y MARISCOS MORA, S.A. DE C.V.","11-20-DIC-2016","00034389_98",23414,2016-12-14 21:48:00,21.17292,-96.8882,5,8429,0,5,51733.3567142487,59652.7695655823,-462.585052490234,1.609,9,2016,12,782.034304281117,1,0.422264743132353
"00034389","PROPEMEX A-23-G","TUXPAN  VER.","PESCADOS Y MARISCOS MORA, S.A. DE C.V.","11-20-DIC-2016","00034389_98",23415,2016-12-14 22:48:00,21.19038,-96.89552,5,8429,0,5,51733.3567142487,59652.7695655823,-462.585052490234,1.609,304,2016,12,2086.84670385369,1,1.12680707551495
"00034389","PROPEMEX A-23-G","TUXPAN  VER.","PESCADOS Y MARISCOS MORA, S.A. DE C.V.","11-20-DIC-2016","00034389_98",23416,2016-12-14 23:48:00,21.1957,-96.8999,5,8429,0,5,51733.3567142487,59652.7695655823,-462.585052490234,0,251,2016,12,746.576142720104,1,0.403118867559452
"00034389","PROPEMEX A-23-G","TUXPAN  VER.","PESCADOS Y MARISCOS MORA, S.A. DE C.V.","11-20-DIC-2016","00034389_98",23417,2016-12-15 00:48:00,21.19038,-96.9018,5,8429,0,5,46533.2418680191,54716.557264328,-321.658721923828,1.609,296,2016,12,624.188181527783,1,0.337034655252582
"00034389","PROPEMEX A-23-G","TUXPAN  VER.","PESCADOS Y MARISCOS MORA, S.A. DE C.V.","11-20-DIC-2016","00034389_98",23418,2016-12-15 01:48:00,21.1868,-96.90427,5,8429,0,5,46533.2418680191,54716.557264328,-321.658721923828,3.218,28,2016,12,473.863665572547,1,0.255865910136365
"00034389","PROPEMEX A-23-G","TUXPAN  VER.","PESCADOS Y MARISCOS MORA, S.A. DE C.V.","11-20-DIC-2016","00034389_98",23419,2016-12-15 02:48:00,21.19763,-96.91027,5,8429,0,5,46533.2418680191,54716.557264328,-321.658721923828,8.045,303,2016,12,1356.91468545128,1,0.732675316118403
"00034389","PROPEMEX A-23-G","TUXPAN  VER.","PESCADOS Y MARISCOS MORA, S.A. DE C.V.","11-20-DIC-2016","00034389_98",23420,2016-12-15 03:48:00,21.22517,-96.9396,5,8429,0,5,47212.8123044968,57565.9334659576,-425.997161865234,3.218,320,2016,12,4319.90702548594,1,2.33256318870731
"00034389","PROPEMEX A-23-G","TUXPAN  VER.","PESCADOS Y MARISCOS MORA, S.A. DE C.V.","11-20-DIC-2016","00034389_98",23421,2016-12-15 04:48:00,21.22398,-96.94223,5,8429,0,5,47212.8123044968,57565.9334659576,-425.997161865234,1.609,270,2016,12,303.36230855429,1,0.163802542415923
"00034389","PROPEMEX A-23-G","TUXPAN  VER.","PESCADOS Y MARISCOS MORA, S.A. DE C.V.","11-20-DIC-2016","00034389_98",23422,2016-12-15 05:48:00,21.2267,-96.93647,5,8429,0,5,47212.8123044968,57565.9334659576,-425.997161865234,1.609,192,2016,12,670.015156079591,1,0.361779241943624
"00034389","PROPEMEX A-23-G","TUXPAN  VER.","PESCADOS Y MARISCOS MORA, S.A. DE C.V.","11-20-DIC-2016","00034389_98",23423,2016-12-15 06:48:00,21.2146,-96.93313,5,8429,0,5,47212.8123044968,57565.9334659576,-425.997161865234,1.609,133,2016,12,1390.84098208615,1,0.750994050802459
"00034389","PROPEMEX A-23-G","TUXPAN  VER.","PESCADOS Y MARISCOS MORA, S.A. DE C.V.","11-20-DIC-2016","00034389_98",23424,2016-12-15 07:48:00,21.21152,-96.92945,5,8429,0,5,47212.8123044968,57565.9334659576,-425.997161865234,1.609,188,2016,12,513.227582896704,1,0.277120725106212
"00034389","PROPEMEX A-23-G","TUXPAN  VER.","PESCADOS Y MARISCOS MORA, S.A. DE C.V.","11-20-DIC-2016","00034389_98",23425,2016-12-15 08:48:00,21.19827,-96.92518,5,8429,0,5,46533.2418680191,54716.557264328,-321.658721923828,1.609,182,2016,12,1540.11521120984,1,0.8315956863984
"00034389","PROPEMEX A-23-G","TUXPAN  VER.","PESCADOS Y MARISCOS MORA, S.A. DE C.V.","11-20-DIC-2016","00034389_98",23426,2016-12-15 09:48:00,21.18675,-96.92537,5,8429,0,5,46533.2418680191,54716.557264328,-321.658721923828,1.609,116,2016,12,1282.54650812906,1,0.69251971281267
"00034389","PROPEMEX A-23-G","TUXPAN  VER.","PESCADOS Y MARISCOS MORA, S.A. DE C.V.","11-20-DIC-2016","00034389_98",23427,2016-12-15 10:48:00,21.17692,-96.92343,5,8429,0,5,46533.2418680191,54716.557264328,-321.658721923828,0,0,2016,12,1112.64076735675,1,0.600777952136476
"00034389","PROPEMEX A-23-G","TUXPAN  VER.","PESCADOS Y MARISCOS MORA, S.A. DE C.V.","11-20-DIC-2016","00034389_98",23428,2016-12-15 11:48:00,21.16548,-96.91648,5,8429,0,5,46533.2418680191,54716.557264328,-321.658721923828,1.609,147,2016,12,1463.66105592194,1,0.790313745098238
"00034389","PROPEMEX A-23-G","TUXPAN  VER.","PESCADOS Y MARISCOS MORA, S.A. DE C.V.","11-20-DIC-2016","00034389_98",23429,2016-12-15 12:48:00,21.12598,-96.99323,5,8429,0,5,39214.8643732071,46886.1490488052,-158.899154663086,11.263,247,2016,12,9102.06532594071,1,4.91472209824012
"00034389","PROPEMEX A-23-G","TUXPAN  VER.","PESCADOS Y MARISCOS MORA, S.A. DE C.V.","11-20-DIC-2016","00034389_98",23430,2016-12-15 13:48:00,21.08328,-97.08577,5,8429,0,5,27851.6501188278,35569.4085359573,-50.680290222168,9.654,243,2016,12,10722.967079273,1,5.78993902768521
"00034389","PROPEMEX A-23-G","TUXPAN  VER.","PESCADOS Y MARISCOS MORA, S.A. DE C.V.","11-20-DIC-2016","00034389_98",23431,2016-12-15 14:48:00,21.03913,-97.16667,5,8429,0,5,18074.6823549271,25427.633523941,-24.1998462677002,9.654,255,2016,12,9736.75751135818,1,5.25742846185647
"00034389","PROPEMEX A-23-G","TUXPAN  VER.","PESCADOS Y MARISCOS MORA, S.A. DE C.V.","11-20-DIC-2016","00034389_98",23432,2016-12-15 15:48:00,21.0042,-97.25232,5,8429,0,5,12338.737398386,20392.1973705292,-13.9109678268433,11.263,230,2016,12,9713.20166258478,1,5.2447093210501
"00034389","PROPEMEX A-23-G","TUXPAN  VER.","PESCADOS Y MARISCOS MORA, S.A. DE C.V.","11-20-DIC-2016","00034389_98",23433,2016-12-15 16:48:00,20.99128,-97.27655,5,8429,0,5,11664.0165448189,18655.3031206131,-14.5828895568848,0,0,2016,12,2900.02586165266,1,1.5658886941969
"00034389","PROPEMEX A-23-G","TUXPAN  VER.","PESCADOS Y MARISCOS MORA, S.A. DE C.V.","11-20-DIC-2016","00034389_98",23434,2016-12-15 17:48:00,20.99128,-97.2766,5,8429,0,5,11664.0165448189,18655.3031206131,-14.5828895568848,0,312,2016,12,5.196565487103,1,0.00280592088936447
"00034389","PROPEMEX A-23-G","TUXPAN  VER.","PESCADOS Y MARISCOS MORA, S.A. DE C.V.","11-20-DIC-2016","00034389_98",23435,2016-12-15 18:48:00,20.99158,-97.27673,5,8429,0,5,11664.0165448189,18655.3031206131,-14.5828895568848,1.609,213,2016,12,36.0252836873175,1,0.0194520970233896
"00034389","PROPEMEX A-23-G","TUXPAN  VER.","PESCADOS Y MARISCOS MORA, S.A. DE C.V.","11-20-DIC-2016","00034389_98",23436,2016-12-15 19:48:00,20.98713,-97.2778,5,8429,0,5,11664.0165448189,18655.3031206131,-14.5828895568848,1.609,199,2016,12,507.699285353909,1,0.274135683236452
"00034389","PROPEMEX A-23-G","TUXPAN  VER.","PESCADOS Y MARISCOS MORA, S.A. DE C.V.","11-20-DIC-2016","00034389_98",23437,2016-12-15 20:48:00,20.9621,-97.22678,5,8429,0,5,12996.107339859,20238.7601137161,-16.1471557617188,9.654,108,2016,12,5990.97967578819,1,3.2348702353068
"00034389","PROPEMEX A-23-G","TUXPAN  VER.","PESCADOS Y MARISCOS MORA, S.A. DE C.V.","11-20-DIC-2016","00034389_98",23438,2016-12-15 21:48:00,20.94065,-97.14272,5,8429,0,5,18370.4510331154,27166.9149398804,-25.161247253418,8.045,104,2016,12,9059.75140339925,1,4.89187440788296
"00034389","PROPEMEX A-23-G","TUXPAN  VER.","PESCADOS Y MARISCOS MORA, S.A. DE C.V.","11-20-DIC-2016","00034389_98",23439,2016-12-15 22:48:00,20.91497,-97.08727,5,8429,0,5,21218.8735604286,30311.6589784622,-31.7645034790039,9.654,147,2016,12,6435.67911681515,1,3.47498872398226
"00034389","PROPEMEX A-23-G","TUXPAN  VER.","PESCADOS Y MARISCOS MORA, S.A. DE C.V.","11-20-DIC-2016","00034389_98",23440,2016-12-15 23:48:00,20.84785,-97.03235,5,8429,0,5,20338.7826681137,34479.233622551,-45.0663070678711,9.654,139,2016,12,9405.81675807969,1,5.07873475058298
"00034389","PROPEMEX A-23-G","TUXPAN  VER.","PESCADOS Y MARISCOS MORA, S.A. DE C.V.","11-20-DIC-2016","00034389_98",23441,2016-12-16 00:48:00,20.78265,-96.97633,5,8429,0,5,24371.737241745,41763.9553546906,-60.6202812194824,9.654,145,2016,12,9309.74048336001,1,5.02685771239742
"00034389","PROPEMEX A-23-G","TUXPAN  VER.","PESCADOS Y MARISCOS MORA, S.A. DE C.V.","11-20-DIC-2016","00034389_98",23442,2016-12-16 01:48:00,20.71323,-96.9185,5,8429,0,5,28935.7781410217,49413.1684303284,-98.2750473022461,9.654,139,2016,12,9796.75608076283,1,5.28982509760412
"00034389","PROPEMEX A-23-G","TUXPAN  VER.","PESCADOS Y MARISCOS MORA, S.A. DE C.V.","11-20-DIC-2016","00034389_98",23443,2016-12-16 02:48:00,20.63935,-96.85657,5,8429,0,5,29465.7319784164,59121.2749481201,-83.1429061889648,11.263,148,2016,12,10452.7641701275,1,5.64404112857858
"00034389","PROPEMEX A-23-G","TUXPAN  VER.","PESCADOS Y MARISCOS MORA, S.A. DE C.V.","11-20-DIC-2016","00034389_98",23444,2016-12-16 03:48:00,20.56055,-96.7945,5,8429,0,5,31238.2012605667,67138.3142471314,-105.602416992188,11.263,146,2016,12,10899.5667814667,1,5.88529523837297
"00034389","PROPEMEX A-23-G","TUXPAN  VER.","PESCADOS Y MARISCOS MORA, S.A. DE C.V.","11-20-DIC-2016","00034389_98",23445,2016-12-16 04:48:00,20.47938,-96.73345,5,8429,0,5,28741.9736385345,78326.1060714722,-110.507820129395,11.263,140,2016,12,11053.3880065672,1,5.96835205538185
"00034389","PROPEMEX A-23-G","TUXPAN  VER.","PESCADOS Y MARISCOS MORA, S.A. DE C.V.","11-20-DIC-2016","00034389_98",23446,2016-12-16 05:48:00,20.39835,-96.67128,5,8429,0,5,24612.4356985092,87629.5268535614,-86.0915451049805,11.263,147,2016,12,11110.4070636799,1,5.99913988319648
"00034389","PROPEMEX A-23-G","TUXPAN  VER.","PESCADOS Y MARISCOS MORA, S.A. DE C.V.","11-20-DIC-2016","00034389_98",23447,2016-12-16 06:48:00,20.3175,-96.60845,5,8429,0,5,22891.0997509956,92702.8954029083,-80.0856704711914,11.263,139,2016,12,11136.5716896121,1,6.01326765097845
"00034389","PROPEMEX A-23-G","TUXPAN  VER.","PESCADOS Y MARISCOS MORA, S.A. DE C.V.","11-20-DIC-2016","00034389_98",23448,2016-12-16 07:48:00,20.2373,-96.54493,5,8429,0,5,25381.0286521912,105872.678756714,-163.426651000977,11.263,138,2016,12,11123.0216751779,1,6.00595122849776
"00034389","PROPEMEX A-23-G","TUXPAN  VER.","PESCADOS Y MARISCOS MORA, S.A. DE C.V.","11-20-DIC-2016","00034389_98",23449,2016-12-16 08:48:00,20.15967,-96.48262,5,8429,0,5,25856.0389280319,105611.6938591,-214.786193847656,11.263,138,2016,12,10820.1865895287,1,5.8424333636764
"00034389","PROPEMEX A-23-G","TUXPAN  VER.","PESCADOS Y MARISCOS MORA, S.A. DE C.V.","11-20-DIC-2016","00034389_98",23450,2016-12-16 09:48:00,20.0969,-96.40893,5,8429,0,5,21721.4852571487,96576.5833854675,-160.75325012207,11.263,139,2016,12,10400.5308464813,1,5.61583739010869
"00034389","PROPEMEX A-23-G","TUXPAN  VER.","PESCADOS Y MARISCOS MORA, S.A. DE C.V.","11-20-DIC-2016","00034389_98",23451,2016-12-16 10:48:00,20.06328,-96.32672,5,8429,0,5,28259.9925994873,94428.2412528992,-459.203277587891,11.263,94,2016,12,9375.53951171208,1,5.06238634541689
"00034389","PROPEMEX A-23-G","TUXPAN  VER.","PESCADOS Y MARISCOS MORA, S.A. DE C.V.","11-20-DIC-2016","00034389_98",23452,2016-12-16 11:48:00,20.1055,-96.32205,5,8429,0,5,31739.0263080597,99304.1753768921,-558.507629394531,9.654,337,2016,12,4725.17393819832,1,2.55138981544186
"00034389","PROPEMEX A-23-G","TUXPAN  VER.","PESCADOS Y MARISCOS MORA, S.A. DE C.V.","11-20-DIC-2016","00034389_98",23453,2016-12-16 12:48:00,20.17035,-96.35722,5,8429,0,5,30811.3187551498,105401.718616486,-390.238464355469,8.045,340,2016,12,8100.61710814533,1,4.3739833197329
"00034389","PROPEMEX A-23-G","TUXPAN  VER.","PESCADOS Y MARISCOS MORA, S.A. DE C.V.","11-20-DIC-2016","00034389_98",23454,2016-12-16 13:48:00,20.2347,-96.39075,5,8429,0,5,34337.3358249664,108942.830562592,-502.6650390625,8.045,326,2016,12,7973.6543309029,1,4.30542890437522
"00034389","PROPEMEX A-23-G","TUXPAN  VER.","PESCADOS Y MARISCOS MORA, S.A. DE C.V.","11-20-DIC-2016","00034389_98",23455,2016-12-16 14:48:00,20.29918,-96.42548,5,8429,0,5,35744.7564601898,110479.199886322,-483.960754394531,8.045,330,2016,12,8041.72826233891,1,4.34218588679207
"00034389","PROPEMEX A-23-G","TUXPAN  VER.","PESCADOS Y MARISCOS MORA, S.A. DE C.V.","11-20-DIC-2016","00034389_98",23456,2016-12-16 15:48:00,20.35462,-96.46322,5,8429,0,5,39939.0071630478,105538.868904114,-506.012786865234,8.045,101,2016,12,7321.35571903534,1,3.9532158310126
"00034389","PROPEMEX A-23-G","TUXPAN  VER.","PESCADOS Y MARISCOS MORA, S.A. DE C.V.","11-20-DIC-2016","00034389_98",23457,2016-12-16 16:48:00,20.28055,-96.44315,5,8429,0,5,35744.7564601898,110479.199886322,-483.960754394531,8.045,161,2016,12,8507.55077139037,1,4.59370991975722
"00034389","PROPEMEX A-23-G","TUXPAN  VER.","PESCADOS Y MARISCOS MORA, S.A. DE C.V.","11-20-DIC-2016","00034389_98",23458,2016-12-16 17:48:00,20.23865,-96.38623,5,8429,0,5,34337.3358249664,108942.830562592,-502.6650390625,3.218,127,2016,12,7556.40751312404,1,4.08013364639527
"00034389","PROPEMEX A-23-G","TUXPAN  VER.","PESCADOS Y MARISCOS MORA, S.A. DE C.V.","11-20-DIC-2016","00034389_98",23459,2016-12-16 18:48:00,20.23357,-96.3756,5,8429,0,5,34337.3358249664,108942.830562592,-502.6650390625,0,0,2016,12,1246.01542803484,1,0.672794507578207
"00034389","PROPEMEX A-23-G","TUXPAN  VER.","PESCADOS Y MARISCOS MORA, S.A. DE C.V.","11-20-DIC-2016","00034389_98",23460,2016-12-16 19:48:00,20.23953,-96.38877,5,8429,0,5,34337.3358249664,108942.830562592,-502.6650390625,3.218,282,2016,12,1527.1912771653,1,0.824617320283638
"00034389","PROPEMEX A-23-G","TUXPAN  VER.","PESCADOS Y MARISCOS MORA, S.A. DE C.V.","11-20-DIC-2016","00034389_98",23461,2016-12-16 20:48:00,20.253,-96.39973,5,8429,0,5,37905.9761762619,111595.189571381,-607.082336425781,3.218,322,2016,12,1886.41600981541,1,1.01858315864763
"00034389","PROPEMEX A-23-G","TUXPAN  VER.","PESCADOS Y MARISCOS MORA, S.A. DE C.V.","11-20-DIC-2016","00034389_98",23462,2016-12-16 21:48:00,20.26182,-96.4057,5,8429,0,5,35744.7564601898,110479.199886322,-483.960754394531,0,104,2016,12,1163.05103610708,1,0.627997319712245
"00034389","PROPEMEX A-23-G","TUXPAN  VER.","PESCADOS Y MARISCOS MORA, S.A. DE C.V.","11-20-DIC-2016","00034389_98",23463,2016-12-16 22:48:00,20.29682,-96.43043,5,8429,0,5,35744.7564601898,110479.199886322,-483.960754394531,6.436,340,2016,12,4674.05060155247,1,2.52378542200457
"00034389","PROPEMEX A-23-G","TUXPAN  VER.","PESCADOS Y MARISCOS MORA, S.A. DE C.V.","11-20-DIC-2016","00034389_98",23464,2016-12-16 23:48:00,20.31752,-96.4366,5,8429,0,5,39278.5906791687,109974.920749664,-568.319458007813,6.436,136,2016,12,2392.63140793236,1,1.29191760687492
"00034389","PROPEMEX A-23-G","TUXPAN  VER.","PESCADOS Y MARISCOS MORA, S.A. DE C.V.","11-20-DIC-2016","00034389_98",23465,2016-12-17 00:48:00,20.31727,-96.44033,5,8429,0,5,39278.5906791687,109974.920749664,-568.319458007813,0,0,2016,12,390.379922608905,1,0.210788295145197
"00034389","PROPEMEX A-23-G","TUXPAN  VER.","PESCADOS Y MARISCOS MORA, S.A. DE C.V.","11-20-DIC-2016","00034389_98",23466,2016-12-17 01:48:00,20.31238,-96.43052,5,8429,0,5,39278.5906791687,109974.920749664,-568.319458007813,4.827,149,2016,12,1159.80973338957,1,0.626247156257869
"00034389","PROPEMEX A-23-G","TUXPAN  VER.","PESCADOS Y MARISCOS MORA, S.A. DE C.V.","11-20-DIC-2016","00034389_98",23467,2016-12-17 02:48:00,20.3112,-96.43743,5,8429,0,5,39278.5906791687,109974.920749664,-568.319458007813,3.218,144,2016,12,733.247155418346,1,0.395921790182692
"00034389","PROPEMEX A-23-G","TUXPAN  VER.","PESCADOS Y MARISCOS MORA, S.A. DE C.V.","11-20-DIC-2016","00034389_98",23468,2016-12-17 03:48:00,20.3054,-96.42975,5,8429,0,5,39278.5906791687,109974.920749664,-568.319458007813,1.609,354,2016,12,1029.44139794133,1,0.55585388657739
"00034389","PROPEMEX A-23-G","TUXPAN  VER.","PESCADOS Y MARISCOS MORA, S.A. DE C.V.","11-20-DIC-2016","00034389_98",23469,2016-12-17 04:48:00,20.29988,-96.42342,5,8429,0,5,35744.7564601898,110479.199886322,-483.960754394531,1.609,161,2016,12,902.41533786261,1,0.487265301221712
"00034389","PROPEMEX A-23-G","TUXPAN  VER.","PESCADOS Y MARISCOS MORA, S.A. DE C.V.","11-20-DIC-2016","00034389_98",23470,2016-12-17 05:48:00,20.31527,-96.43747,5,8429,0,5,39278.5906791687,109974.920749664,-568.319458007813,3.218,158,2016,12,2255.30241563908,1,1.21776588317445
"00034389","PROPEMEX A-23-G","TUXPAN  VER.","PESCADOS Y MARISCOS MORA, S.A. DE C.V.","11-20-DIC-2016","00034389_98",23471,2016-12-17 06:48:00,20.30772,-96.43203,5,8429,0,5,39278.5906791687,109974.920749664,-568.319458007813,1.609,129,2016,12,1014.35672530455,1,0.54770881495926
"00034389","PROPEMEX A-23-G","TUXPAN  VER.","PESCADOS Y MARISCOS MORA, S.A. DE C.V.","11-20-DIC-2016","00034389_98",23472,2016-12-17 07:48:00,20.312,-96.43278,5,8429,0,5,39278.5906791687,109974.920749664,-568.319458007813,3.218,144,2016,12,482.83605217704,1,0.260710611326695
"00034389","PROPEMEX A-23-G","TUXPAN  VER.","PESCADOS Y MARISCOS MORA, S.A. DE C.V.","11-20-DIC-2016","00034389_98",23473,2016-12-17 08:48:00,20.30703,-96.42882,5,8429,0,5,39278.5906791687,109974.920749664,-568.319458007813,1.609,240,2016,12,690.660092934161,1,0.372926616055163
"00034389","PROPEMEX A-23-G","TUXPAN  VER.","PESCADOS Y MARISCOS MORA, S.A. DE C.V.","11-20-DIC-2016","00034389_98",23474,2016-12-17 09:48:00,20.30228,-96.42543,5,8429,0,5,39278.5906791687,109974.920749664,-568.319458007813,1.609,205,2016,12,636.283894670215,1,0.343565817856488
"00034389","PROPEMEX A-23-G","TUXPAN  VER.","PESCADOS Y MARISCOS MORA, S.A. DE C.V.","11-20-DIC-2016","00034389_98",23475,2016-12-17 10:48:00,20.29837,-96.4217,5,8429,0,5,35744.7564601898,110479.199886322,-483.960754394531,3.218,141,2016,12,584.044450229296,1,0.315358774421866
"00034389","PROPEMEX A-23-G","TUXPAN  VER.","PESCADOS Y MARISCOS MORA, S.A. DE C.V.","11-20-DIC-2016","00034389_98",23476,2016-12-17 11:48:00,20.28652,-96.4142,5,8429,0,5,35744.7564601898,110479.199886322,-483.960754394531,3.218,57,2016,12,1534.06554902757,1,0.828329130144476
"00034389","PROPEMEX A-23-G","TUXPAN  VER.","PESCADOS Y MARISCOS MORA, S.A. DE C.V.","11-20-DIC-2016","00034389_98",23477,2016-12-17 12:48:00,20.26765,-96.40395,5,8429,0,5,35744.7564601898,110479.199886322,-483.960754394531,3.218,154,2016,12,2357.57821135454,1,1.27299039489986
"00034389","PROPEMEX A-23-G","TUXPAN  VER.","PESCADOS Y MARISCOS MORA, S.A. DE C.V.","11-20-DIC-2016","00034389_98",23478,2016-12-17 13:48:00,20.29018,-96.42158,5,8429,0,5,35744.7564601898,110479.199886322,-483.960754394531,6.436,303,2016,12,3111.04479679675,1,1.67982980388593
"00034389","PROPEMEX A-23-G","TUXPAN  VER.","PESCADOS Y MARISCOS MORA, S.A. DE C.V.","11-20-DIC-2016","00034389_98",23479,2016-12-17 14:48:00,20.30685,-96.43015,5,8429,0,5,39278.5906791687,109974.920749664,-568.319458007813,1.609,307,2016,12,2060.11723972296,1,1.11237431950484
"00034389","PROPEMEX A-23-G","TUXPAN  VER.","PESCADOS Y MARISCOS MORA, S.A. DE C.V.","11-20-DIC-2016","00034389_98",23480,2016-12-17 15:48:00,20.31048,-96.434,5,8429,0,5,39278.5906791687,109974.920749664,-568.319458007813,1.609,8,2016,12,569.94387354099,1,0.307745072106366
"00034389","PROPEMEX A-23-G","TUXPAN  VER.","PESCADOS Y MARISCOS MORA, S.A. DE C.V.","11-20-DIC-2016","00034389_98",23481,2016-12-17 16:48:00,20.31003,-96.43155,5,8429,0,5,39278.5906791687,109974.920749664,-568.319458007813,3.218,122,2016,12,260.634582833698,1,0.1407314162169
"00034389","PROPEMEX A-23-G","TUXPAN  VER.","PESCADOS Y MARISCOS MORA, S.A. DE C.V.","11-20-DIC-2016","00034389_98",23482,2016-12-17 17:48:00,20.30725,-96.43052,5,8429,0,5,39278.5906791687,109974.920749664,-568.319458007813,1.609,241,2016,12,327.616906136893,1,0.17689897739573
"00034389","PROPEMEX A-23-G","TUXPAN  VER.","PESCADOS Y MARISCOS MORA, S.A. DE C.V.","11-20-DIC-2016","00034389_98",23483,2016-12-17 18:48:00,20.31718,-96.44647,5,8429,0,5,39278.5906791687,109974.920749664,-568.319458007813,9.654,283,2016,12,1998.59228909788,1,1.07915350383255
"00034389","PROPEMEX A-23-G","TUXPAN  VER.","PESCADOS Y MARISCOS MORA, S.A. DE C.V.","11-20-DIC-2016","00034389_98",23484,2016-12-17 19:48:00,20.36788,-96.50787,5,8429,0,5,35933.7449073792,100299.465656281,-327.318115234375,9.654,321,2016,12,8538.80631332436,1,4.61058656227017
"00034389","PROPEMEX A-23-G","TUXPAN  VER.","PESCADOS Y MARISCOS MORA, S.A. DE C.V.","11-20-DIC-2016","00034389_98",23485,2016-12-17 20:48:00,20.4126,-96.57048,5,8429,0,5,34720.0006246567,92226.8748283386,-263.815399169922,8.045,286,2016,12,8212.77445560738,1,4.43454344255258
"00034389","PROPEMEX A-23-G","TUXPAN  VER.","PESCADOS Y MARISCOS MORA, S.A. DE C.V.","11-20-DIC-2016","00034389_98",23486,2016-12-17 21:48:00,20.45655,-96.63847,5,8429,0,5,33429.5004606247,84201.7292976379,-175.036849975586,9.654,308,2016,12,8615.2533518779,1,4.6518646608412
"00034389","PROPEMEX A-23-G","TUXPAN  VER.","PESCADOS Y MARISCOS MORA, S.A. DE C.V.","11-20-DIC-2016","00034389_98",23487,2016-12-17 22:48:00,20.50467,-96.7053,5,8429,0,5,32259.6222162247,75676.4650344849,-129.926681518555,9.654,299,2016,12,8789.11296753359,1,4.74574134316069
"00034389","PROPEMEX A-23-G","TUXPAN  VER.","PESCADOS Y MARISCOS MORA, S.A. DE C.V.","11-20-DIC-2016","00034389_98",23488,2016-12-17 23:48:00,20.55885,-96.77493,5,8429,0,5,31238.2012605667,67138.3142471314,-105.602416992188,9.654,310,2016,12,9436.4854758443,1,5.09529453339325
"00034389","PROPEMEX A-23-G","TUXPAN  VER.","PESCADOS Y MARISCOS MORA, S.A. DE C.V.","11-20-DIC-2016","00034389_98",23489,2016-12-18 00:48:00,20.6098,-96.84417,5,8429,0,5,31868.1597709656,61628.7648677826,-101.233764648438,11.263,318,2016,12,9176.93771325989,1,4.95514995316409
"00034389","PROPEMEX A-23-G","TUXPAN  VER.","PESCADOS Y MARISCOS MORA, S.A. DE C.V.","11-20-DIC-2016","00034389_98",23490,2016-12-18 01:48:00,20.67222,-96.91438,5,8429,0,5,27262.8337144852,51324.2840766907,-94.6608581542969,9.654,326,2016,12,10087.3525193163,1,5.44673462166105
"00034389","PROPEMEX A-23-G","TUXPAN  VER.","PESCADOS Y MARISCOS MORA, S.A. DE C.V.","11-20-DIC-2016","00034389_98",23491,2016-12-18 02:48:00,20.73872,-96.98985,5,8429,0,5,23359.1169118881,43620.1363801956,-75.4343872070313,8.045,311,2016,12,10794.9442461393,1,5.82880358862815
"00034389","PROPEMEX A-23-G","TUXPAN  VER.","PESCADOS Y MARISCOS MORA, S.A. DE C.V.","11-20-DIC-2016","00034389_98",23492,2016-12-18 03:48:00,20.80922,-97.06965,5,8429,0,5,17027.9562473297,30826.798081398,-37.4435043334961,12.872,311,2016,12,11425.578261588,1,6.16931871576026
"00034389","PROPEMEX A-23-G","TUXPAN  VER.","PESCADOS Y MARISCOS MORA, S.A. DE C.V.","11-20-DIC-2016","00034389_98",23493,2016-12-18 04:48:00,20.88453,-97.1502,5,8429,0,5,12679.0672540665,22445.0051784515,-17.4176044464111,11.263,309,2016,12,11851.8676602814,1,6.39949657682579
"00034389","PROPEMEX A-23-G","TUXPAN  VER.","PESCADOS Y MARISCOS MORA, S.A. DE C.V.","11-20-DIC-2016","00034389_98",23494,2016-12-18 05:48:00,20.9594,-97.23633,5,8429,0,5,12996.107339859,20238.7601137161,-16.1471557617188,12.872,309,2016,12,12232.2736108783,1,6.60489935792566
"00034389","PROPEMEX A-23-G","TUXPAN  VER.","PESCADOS Y MARISCOS MORA, S.A. DE C.V.","21-31-DIC-2016","00034389_99",23495,2016-12-22 01:48:00,20.90372,-97.21892,5,8429,0,5,11749.5074868202,19346.8809127808,-15.4998950958252,12.872,153,2016,12,6457.25358870367,NA,NA
"00034389","PROPEMEX A-23-G","TUXPAN  VER.","PESCADOS Y MARISCOS MORA, S.A. DE C.V.","21-31-DIC-2016","00034389_99",23496,2016-12-22 02:48:00,20.83367,-97.14257,5,8429,0,5,14567.7596330643,27965.3578996658,-30.8720970153809,11.263,154,2016,12,11131.3244696109,1,6.0104343788396
"00034389","PROPEMEX A-23-G","TUXPAN  VER.","PESCADOS Y MARISCOS MORA, S.A. DE C.V.","21-31-DIC-2016","00034389_99",23497,2016-12-22 03:48:00,20.7654,-97.06442,5,8429,0,5,14889.0241980553,32087.0667695999,-43.4026794433594,11.263,136,2016,12,11132.1841944088,1,6.01089859309329
"00034389","PROPEMEX A-23-G","TUXPAN  VER.","PESCADOS Y MARISCOS MORA, S.A. DE C.V.","21-31-DIC-2016","00034389_99",23498,2016-12-22 04:48:00,20.69543,-96.9856,5,8429,0,5,22144.6856856346,45830.7474851608,-76.810432434082,11.263,130,2016,12,11315.4500998236,1,6.10985426556347
"00034389","PROPEMEX A-23-G","TUXPAN  VER.","PESCADOS Y MARISCOS MORA, S.A. DE C.V.","21-31-DIC-2016","00034389_99",23499,2016-12-22 05:48:00,20.63003,-96.89965,5,8429,0,5,29465.7319784164,59121.2749481201,-83.1429061889648,11.263,122,2016,12,11540.4602359907,1,6.23135001943342
"00034389","PROPEMEX A-23-G","TUXPAN  VER.","PESCADOS Y MARISCOS MORA, S.A. DE C.V.","21-31-DIC-2016","00034389_99",23500,2016-12-22 06:48:00,20.5735,-96.80083,5,8429,0,5,28489.4347190857,64042.7827835083,-79.6939086914063,12.872,115,2016,12,12069.3228171906,1,6.51691296824544
"00034389","PROPEMEX A-23-G","TUXPAN  VER.","PESCADOS Y MARISCOS MORA, S.A. DE C.V.","21-31-DIC-2016","00034389_99",23501,2016-12-22 07:48:00,20.53108,-96.68892,5,8429,0,5,35185.906291008,79511.0464096069,-167.153472900391,12.872,111,2016,12,12585.8694858962,1,6.79582585631545
"00034389","PROPEMEX A-23-G","TUXPAN  VER.","PESCADOS Y MARISCOS MORA, S.A. DE C.V.","21-31-DIC-2016","00034389_99",23502,2016-12-22 08:48:00,20.46683,-96.58715,5,8429,0,5,38259.1187953949,89766.0076618195,-314.126190185547,14.481,131,2016,12,12798.7195916501,1,6.91075571903355
"00034389","PROPEMEX A-23-G","TUXPAN  VER.","PESCADOS Y MARISCOS MORA, S.A. DE C.V.","21-31-DIC-2016","00034389_99",23503,2016-12-22 09:48:00,20.39015,-96.52947,5,8429,0,5,35933.7449073792,100299.465656281,-327.318115234375,4.827,347,2016,12,10444.3931988096,1,5.63952116566395
"00034389","PROPEMEX A-23-G","TUXPAN  VER.","PESCADOS Y MARISCOS MORA, S.A. DE C.V.","21-31-DIC-2016","00034389_99",23504,2016-12-22 10:48:00,20.37615,-96.5204,5,8429,0,5,35933.7449073792,100299.465656281,-327.318115234375,6.436,342,2016,12,1823.36266276781,1,0.984537074928622
"00034389","PROPEMEX A-23-G","TUXPAN  VER.","PESCADOS Y MARISCOS MORA, S.A. DE C.V.","21-31-DIC-2016","00034389_99",23505,2016-12-22 11:48:00,20.43312,-96.55892,5,8429,0,5,34720.0006246567,92226.8748283386,-263.815399169922,8.045,314,2016,12,7507.66093179071,1,4.05381259815913
"00034389","PROPEMEX A-23-G","TUXPAN  VER.","PESCADOS Y MARISCOS MORA, S.A. DE C.V.","21-31-DIC-2016","00034389_99",23506,2016-12-22 12:48:00,20.45772,-96.59323,5,8429,0,5,38259.1187953949,89766.0076618195,-314.126190185547,3.218,153,2016,12,4506.05576157098,1,2.43307546521111
"00034389","PROPEMEX A-23-G","TUXPAN  VER.","PESCADOS Y MARISCOS MORA, S.A. DE C.V.","21-31-DIC-2016","00034389_99",23507,2016-12-22 13:48:00,20.4273,-96.58102,5,8429,0,5,34720.0006246567,92226.8748283386,-263.815399169922,3.218,164,2016,12,3617.95308112485,1,1.95353838073696
"00034389","PROPEMEX A-23-G","TUXPAN  VER.","PESCADOS Y MARISCOS MORA, S.A. DE C.V.","21-31-DIC-2016","00034389_99",23508,2016-12-22 14:48:00,20.39672,-96.56658,5,8429,0,5,31173.9921569824,94872.5461959839,-203.689392089844,3.218,150,2016,12,3722.65596209025,1,2.01007341365564
"00034389","PROPEMEX A-23-G","TUXPAN  VER.","PESCADOS Y MARISCOS MORA, S.A. DE C.V.","21-31-DIC-2016","00034389_99",23509,2016-12-22 15:48:00,20.36927,-96.54622,5,8429,0,5,35933.7449073792,100299.465656281,-327.318115234375,3.218,113,2016,12,3721.80374785499,1,2.00961325478131
"00034389","PROPEMEX A-23-G","TUXPAN  VER.","PESCADOS Y MARISCOS MORA, S.A. DE C.V.","21-31-DIC-2016","00034389_99",23510,2016-12-22 16:48:00,20.33958,-96.5238,5,8429,0,5,32429.0305376053,102707.421779633,-264.718231201172,4.827,148,2016,12,4049.66287876347,1,2.18664302309043
"00034389","PROPEMEX A-23-G","TUXPAN  VER.","PESCADOS Y MARISCOS MORA, S.A. DE C.V.","21-31-DIC-2016","00034389_99",23511,2016-12-22 17:48:00,20.35337,-96.52952,5,8429,0,5,35933.7449073792,100299.465656281,-327.318115234375,3.218,329,2016,12,1647.08683405817,1,0.889355741932058
"00034389","PROPEMEX A-23-G","TUXPAN  VER.","PESCADOS Y MARISCOS MORA, S.A. DE C.V.","21-31-DIC-2016","00034389_99",23512,2016-12-22 18:48:00,20.39483,-96.559,5,8429,0,5,31173.9921569824,94872.5461959839,-203.689392089844,6.436,334,2016,12,5546.3891993744,1,2.99481058281555
"00034389","PROPEMEX A-23-G","TUXPAN  VER.","PESCADOS Y MARISCOS MORA, S.A. DE C.V.","21-31-DIC-2016","00034389_99",23513,2016-12-22 19:48:00,20.4174,-96.56617,5,8429,0,5,34720.0006246567,92226.8748283386,-263.815399169922,1.609,31,2016,12,2621.45558776799,1,1.41547277957235
"00034389","PROPEMEX A-23-G","TUXPAN  VER.","PESCADOS Y MARISCOS MORA, S.A. DE C.V.","21-31-DIC-2016","00034389_99",23514,2016-12-22 20:48:00,20.42767,-96.57112,5,8429,0,5,34720.0006246567,92226.8748283386,-263.815399169922,1.609,318,2016,12,1254.45474148075,1,0.677351372289823
"00034389","PROPEMEX A-23-G","TUXPAN  VER.","PESCADOS Y MARISCOS MORA, S.A. DE C.V.","21-31-DIC-2016","00034389_99",23515,2016-12-22 21:48:00,20.43738,-96.57513,5,8429,0,5,34720.0006246567,92226.8748283386,-263.815399169922,1.609,357,2016,12,1159.02041278475,1,0.625820957227186
"00034389","PROPEMEX A-23-G","TUXPAN  VER.","PESCADOS Y MARISCOS MORA, S.A. DE C.V.","21-31-DIC-2016","00034389_99",23516,2016-12-22 22:48:00,20.43753,-96.56785,5,8429,0,5,34720.0006246567,92226.8748283386,-263.815399169922,8.045,136,2016,12,759.573860965405,1,0.410137073955402
"00034389","PROPEMEX A-23-G","TUXPAN  VER.","PESCADOS Y MARISCOS MORA, S.A. DE C.V.","21-31-DIC-2016","00034389_99",23517,2016-12-22 23:48:00,20.39962,-96.54167,5,8429,0,5,35933.7449073792,100299.465656281,-327.318115234375,1.609,350,2016,12,5026.99471923292,1,2.71435999958581
"00034389","PROPEMEX A-23-G","TUXPAN  VER.","PESCADOS Y MARISCOS MORA, S.A. DE C.V.","21-31-DIC-2016","00034389_99",23518,2016-12-23 00:48:00,20.41382,-96.55055,5,8429,0,5,34720.0006246567,92226.8748283386,-263.815399169922,1.609,326,2016,12,1832.20714108782,1,0.98931271117053
"00034389","PROPEMEX A-23-G","TUXPAN  VER.","PESCADOS Y MARISCOS MORA, S.A. DE C.V.","21-31-DIC-2016","00034389_99",23519,2016-12-23 01:48:00,20.42268,-96.55717,5,8429,0,5,34720.0006246567,92226.8748283386,-263.815399169922,1.609,348,2016,12,1204.03675380235,1,0.650127836826324
"00034389","PROPEMEX A-23-G","TUXPAN  VER.","PESCADOS Y MARISCOS MORA, S.A. DE C.V.","21-31-DIC-2016","00034389_99",23520,2016-12-23 02:48:00,20.39197,-96.5359,5,8429,0,5,35933.7449073792,100299.465656281,-327.318115234375,11.263,158,2016,12,4075.84016258575,1,2.20077762558626
"00034389","PROPEMEX A-23-G","TUXPAN  VER.","PESCADOS Y MARISCOS MORA, S.A. DE C.V.","21-31-DIC-2016","00034389_99",23521,2016-12-23 03:48:00,20.36435,-96.52353,5,8429,0,5,35933.7449073792,100299.465656281,-327.318115234375,1.609,201,2016,12,3334.65263804943,1,1.80056837907637
"00034389","PROPEMEX A-23-G","TUXPAN  VER.","PESCADOS Y MARISCOS MORA, S.A. DE C.V.","21-31-DIC-2016","00034389_99",23522,2016-12-23 04:48:00,20.3639,-96.52358,5,8429,0,5,35933.7449073792,100299.465656281,-327.318115234375,1.609,336,2016,12,50.3645924609629,1,0.0271947043525718
"00034389","PROPEMEX A-23-G","TUXPAN  VER.","PESCADOS Y MARISCOS MORA, S.A. DE C.V.","21-31-DIC-2016","00034389_99",23523,2016-12-23 05:48:00,20.3634,-96.5214,5,8429,0,5,35933.7449073792,100299.465656281,-327.318115234375,1.609,350,2016,12,234.218822122308,1,0.126468046502326
"00034389","PROPEMEX A-23-G","TUXPAN  VER.","PESCADOS Y MARISCOS MORA, S.A. DE C.V.","21-31-DIC-2016","00034389_99",23524,2016-12-23 06:48:00,20.3635,-96.51902,5,8429,0,5,35933.7449073792,100299.465656281,-327.318115234375,3.218,139,2016,12,248.630868381672,1,0.134249928931788
"00034389","PROPEMEX A-23-G","TUXPAN  VER.","PESCADOS Y MARISCOS MORA, S.A. DE C.V.","21-31-DIC-2016","00034389_99",23525,2016-12-23 07:48:00,20.3528,-96.50712,5,8429,0,5,35933.7449073792,100299.465656281,-327.318115234375,3.218,167,2016,12,1720.84264332724,1,0.929180692941277
"00034389","PROPEMEX A-23-G","TUXPAN  VER.","PESCADOS Y MARISCOS MORA, S.A. DE C.V.","21-31-DIC-2016","00034389_99",23526,2016-12-23 08:48:00,20.36265,-96.41055,5,8429,0,5,42815.8402442932,108844.351768494,-654.1318359375,12.872,76,2016,12,10137.7653086078,1,5.47395535022017
"00034389","PROPEMEX A-23-G","TUXPAN  VER.","PESCADOS Y MARISCOS MORA, S.A. DE C.V.","21-31-DIC-2016","00034389_99",23527,2016-12-23 09:48:00,20.39088,-96.30495,5,8429,0,5,49416.3006544113,114954.161643982,-1020.73645019531,11.263,76,2016,12,11458.0375264693,1,6.18684531666807
"00034389","PROPEMEX A-23-G","TUXPAN  VER.","PESCADOS Y MARISCOS MORA, S.A. DE C.V.","21-31-DIC-2016","00034389_99",23528,2016-12-23 10:48:00,20.41855,-96.20465,5,8429,0,5,58537.0719432831,120287.477970123,-1335.41772460938,9.654,79,2016,12,10907.7080119866,1,5.88969115118067
"00034389","PROPEMEX A-23-G","TUXPAN  VER.","PESCADOS Y MARISCOS MORA, S.A. DE C.V.","21-31-DIC-2016","00034389_99",23529,2016-12-23 11:48:00,20.44848,-96.11443,5,8429,0,5,67478.1203269959,126007.36618042,-1617.39392089844,8.045,79,2016,12,9982.75203257771,1,5.39025487720179
"00034389","PROPEMEX A-23-G","TUXPAN  VER.","PESCADOS Y MARISCOS MORA, S.A. DE C.V.","21-31-DIC-2016","00034389_99",23530,2016-12-23 12:48:00,20.47995,-96.02655,5,8429,0,5,78474.0746021271,131847.906112671,-1791.29016113281,9.654,80,2016,12,9811.14640690126,1,5.29759525210651
"00034389","PROPEMEX A-23-G","TUXPAN  VER.","PESCADOS Y MARISCOS MORA, S.A. DE C.V.","21-31-DIC-2016","00034389_99",23531,2016-12-23 13:48:00,20.49208,-95.93327,5,8429,0,5,84334.4748020172,133705.353736877,-1987.33911132813,11.263,80,2016,12,9820.03248500791,1,5.30239335043624
"00034389","PROPEMEX A-23-G","TUXPAN  VER.","PESCADOS Y MARISCOS MORA, S.A. DE C.V.","21-31-DIC-2016","00034389_99",23532,2016-12-23 14:48:00,20.50812,-95.8404,5,8429,0,5,94398.4389305115,140518.033504486,-2171.12963867188,9.654,81,2016,12,9846.24044903314,1,5.31654451891638
"00034389","PROPEMEX A-23-G","TUXPAN  VER.","PESCADOS Y MARISCOS MORA, S.A. DE C.V.","21-31-DIC-2016","00034389_99",23533,2016-12-23 15:48:00,20.52353,-95.74578,5,8429,0,5,102436.399459839,143594.622612,-2265.38159179688,9.654,90,2016,12,10012.5010798916,1,5.40631807769527
"00034389","PROPEMEX A-23-G","TUXPAN  VER.","PESCADOS Y MARISCOS MORA, S.A. DE C.V.","21-31-DIC-2016","00034389_99",23534,2016-12-23 16:48:00,20.52905,-95.65452,5,8429,0,5,107191.205024719,145495.104789734,-2341.71606445313,8.045,85,2016,12,9533.64488571309,1,5.14775641777165
"00034389","PROPEMEX A-23-G","TUXPAN  VER.","PESCADOS Y MARISCOS MORA, S.A. DE C.V.","21-31-DIC-2016","00034389_99",23535,2016-12-23 17:48:00,20.5437,-95.57242,5,8429,0,5,114368.641376495,148837.494850159,-2467.65258789063,8.045,75,2016,12,8712.07397656637,1,4.70414361585657
"00034389","PROPEMEX A-23-G","TUXPAN  VER.","PESCADOS Y MARISCOS MORA, S.A. DE C.V.","21-31-DIC-2016","00034389_99",23536,2016-12-23 18:48:00,20.56127,-95.49355,5,8429,0,5,125426.948070526,157340.633869171,-2598.92260742188,8.045,79,2016,12,8449.91187846876,1,4.56258740738054
"00034389","PROPEMEX A-23-G","TUXPAN  VER.","PESCADOS Y MARISCOS MORA, S.A. DE C.V.","21-31-DIC-2016","00034389_99",23537,2016-12-23 19:48:00,20.58068,-95.41105,5,8429,0,5,128356.409072876,158774.614334106,-2655.73999023438,9.654,77,2016,12,8865.03744024586,1,4.78673727875046
"00034389","PROPEMEX A-23-G","TUXPAN  VER.","PESCADOS Y MARISCOS MORA, S.A. DE C.V.","21-31-DIC-2016","00034389_99",23538,2016-12-23 20:48:00,20.59863,-95.3272,5,8429,0,5,136338.222026825,163474.786281586,-2775.62060546875,9.654,76,2016,12,8962.92331693982,1,4.83959142383359
"00034389","PROPEMEX A-23-G","TUXPAN  VER.","PESCADOS Y MARISCOS MORA, S.A. DE C.V.","21-31-DIC-2016","00034389_99",23539,2016-12-23 21:48:00,20.61425,-95.24397,5,8429,0,5,149420.273303986,173917.770385742,-2903.61987304688,9.654,83,2016,12,8844.46257654069,1,4.77562774111268
"00034389","PROPEMEX A-23-G","TUXPAN  VER.","PESCADOS Y MARISCOS MORA, S.A. DE C.V.","21-31-DIC-2016","00034389_99",23540,2016-12-23 22:48:00,20.62372,-95.16158,5,8429,0,5,152604.520320892,176018.738746643,-2939.75268554688,6.436,91,2016,12,8648.29235574307,1,4.6697042957576
"00034389","PROPEMEX A-23-G","TUXPAN  VER.","PESCADOS Y MARISCOS MORA, S.A. DE C.V.","21-31-DIC-2016","00034389_99",23541,2016-12-23 23:48:00,20.632,-95.08505,5,8429,0,5,160914.611816406,181708.383560181,-3029.70434570313,8.045,94,2016,12,8025.94554798843,1,4.33366390280153
"00034389","PROPEMEX A-23-G","TUXPAN  VER.","PESCADOS Y MARISCOS MORA, S.A. DE C.V.","21-31-DIC-2016","00034389_99",23542,2016-12-24 00:48:00,20.63202,-95.01178,5,8429,0,5,165289.032459259,184594.84577179,-3074.5517578125,8.045,90,2016,12,7633.21812853669,1,4.12160806076495
"00034389","PROPEMEX A-23-G","TUXPAN  VER.","PESCADOS Y MARISCOS MORA, S.A. DE C.V.","21-31-DIC-2016","00034389_99",23543,2016-12-24 01:48:00,20.63758,-94.93658,5,8429,0,5,172689.378261566,189739.93062973,-3115.43383789063,8.045,73,2016,12,7858.40932123482,1,4.24320157734061
"00034389","PROPEMEX A-23-G","TUXPAN  VER.","PESCADOS Y MARISCOS MORA, S.A. DE C.V.","21-31-DIC-2016","00034389_99",23544,2016-12-24 02:48:00,20.64537,-94.86067,5,8429,0,5,178802.514076233,194238.471984863,-3140.28198242188,8.045,78,2016,12,7954.96405384924,1,4.29533696212162
"00034389","PROPEMEX A-23-G","TUXPAN  VER.","PESCADOS Y MARISCOS MORA, S.A. DE C.V.","21-31-DIC-2016","00034389_99",23545,2016-12-24 03:48:00,20.65322,-94.78185,5,8429,0,5,190451.228618622,204737.281799316,-3181.12475585938,9.654,87,2016,12,8256.64149716853,1,4.458229750091
"00034389","PROPEMEX A-23-G","TUXPAN  VER.","PESCADOS Y MARISCOS MORA, S.A. DE C.V.","21-31-DIC-2016","00034389_99",23546,2016-12-24 04:48:00,20.65795,-94.70933,5,8429,0,5,193052.875995636,206859.159469605,-3187.65625,6.436,82,2016,12,7572.12420555598,1,4.08861998140172
"00034389","PROPEMEX A-23-G","TUXPAN  VER.","PESCADOS Y MARISCOS MORA, S.A. DE C.V.","21-31-DIC-2016","00034389_99",23547,2016-12-24 05:48:00,20.6594,-94.63488,5,8429,0,5,203542.256355286,215096.640586853,-3184.16259765625,8.045,96,2016,12,7756.43266832311,1,4.1881385898073
"00034389","PROPEMEX A-23-G","TUXPAN  VER.","PESCADOS Y MARISCOS MORA, S.A. DE C.V.","21-31-DIC-2016","00034389_99",23548,2016-12-24 06:48:00,20.65807,-94.55747,5,8429,0,5,205978.155136108,217111.873626709,-3172.7236328125,8.045,89,2016,12,8064.49793825471,1,4.35448052821529
"00034389","PROPEMEX A-23-G","TUXPAN  VER.","PESCADOS Y MARISCOS MORA, S.A. DE C.V.","21-31-DIC-2016","00034389_99",23549,2016-12-24 07:48:00,20.65192,-94.47878,5,8429,0,5,214094.281196594,225303.673744202,-3092.83642578125,9.654,97,2016,12,8225.33745506575,1,4.44132691958194
"00034389","PROPEMEX A-23-G","TUXPAN  VER.","PESCADOS Y MARISCOS MORA, S.A. DE C.V.","21-31-DIC-2016","00034389_99",23550,2016-12-24 08:48:00,20.64142,-94.39687,5,8429,0,5,214993.572235107,230491.185188293,-2809.146484375,9.654,95,2016,12,8612.48404011216,1,4.6503693521124
"00034389","PROPEMEX A-23-G","TUXPAN  VER.","PESCADOS Y MARISCOS MORA, S.A. DE C.V.","21-31-DIC-2016","00034389_99",23551,2016-12-24 09:48:00,20.62988,-94.31235,5,8429,0,5,216462.373733521,232827.925682068,-2783.02612304688,9.654,93,2016,12,8898.57268387943,1,4.80484486170596
"00034389","PROPEMEX A-23-G","TUXPAN  VER.","PESCADOS Y MARISCOS MORA, S.A. DE C.V.","21-31-DIC-2016","00034389_99",23552,2016-12-24 10:48:00,20.61607,-94.22745,5,8429,0,5,220806.14566803,241571.140289307,-2486.33422851563,9.654,104,2016,12,8978.34222728156,1,4.84791696937449
"00034389","PROPEMEX A-23-G","TUXPAN  VER.","PESCADOS Y MARISCOS MORA, S.A. DE C.V.","21-31-DIC-2016","00034389_99",23553,2016-12-24 11:48:00,20.61827,-94.14375,5,8429,0,5,223142.36164093,246572.113037109,-2476.53515625,8.045,79,2016,12,8724.03374420839,1,4.71060137376263
"00034389","PROPEMEX A-23-G","TUXPAN  VER.","PESCADOS Y MARISCOS MORA, S.A. DE C.V.","21-31-DIC-2016","00034389_99",23554,2016-12-24 12:48:00,20.62978,-94.06437,5,8429,0,5,225534.296035767,250602.078437805,-2414.28369140625,9.654,64,2016,12,8368.54329037906,1,4.51865188465392
"00034389","PROPEMEX A-23-G","TUXPAN  VER.","PESCADOS Y MARISCOS MORA, S.A. DE C.V.","21-31-DIC-2016","00034389_99",23555,2016-12-24 13:48:00,20.64545,-93.98698,5,8429,0,5,228644.514083862,250249.028205872,-2347.2216796875,8.045,75,2016,12,8248.28641455681,1,4.45371836639137
"00034389","PROPEMEX A-23-G","TUXPAN  VER.","PESCADOS Y MARISCOS MORA, S.A. DE C.V.","21-31-DIC-2016","00034389_99",23556,2016-12-24 14:48:00,20.66177,-93.90892,5,8429,0,5,233978.533744812,253350.615501404,-2297.67944335938,8.045,72,2016,12,8331.14000851199,1,4.49845572813822
"00034389","PROPEMEX A-23-G","TUXPAN  VER.","PESCADOS Y MARISCOS MORA, S.A. DE C.V.","21-31-DIC-2016","00034389_99",23557,2016-12-24 15:48:00,20.67445,-93.8322,5,8429,0,5,233591.747283936,249455.213546753,-2270.8388671875,8.045,81,2016,12,8114.12259701526,1,4.38127570033221
"00034389","PROPEMEX A-23-G","TUXPAN  VER.","PESCADOS Y MARISCOS MORA, S.A. DE C.V.","21-31-DIC-2016","00034389_99",23558,2016-12-24 16:48:00,20.68125,-93.75785,5,8429,0,5,232589.364051819,247079.420089722,-2270.65600585938,8.045,77,2016,12,7780.13504578065,1,4.20093684977357
"00034389","PROPEMEX A-23-G","TUXPAN  VER.","PESCADOS Y MARISCOS MORA, S.A. DE C.V.","21-31-DIC-2016","00034389_99",23559,2016-12-24 17:48:00,20.67528,-93.68218,5,8429,0,5,230663.013458252,242850.232124329,-2225.34790039063,9.654,92,2016,12,7908.97570437346,1,4.27050523994247
"00034389","PROPEMEX A-23-G","TUXPAN  VER.","PESCADOS Y MARISCOS MORA, S.A. DE C.V.","21-31-DIC-2016","00034389_99",23560,2016-12-24 18:48:00,20.66888,-93.60338,5,8429,0,5,229804.77809906,240278.005599976,-2188.49536132812,6.436,81,2016,12,8238.20306141825,1,4.44827379126255
"00034389","PROPEMEX A-23-G","TUXPAN  VER.","PESCADOS Y MARISCOS MORA, S.A. DE C.V.","21-31-DIC-2016","00034389_99",23561,2016-12-24 19:48:00,20.6778,-93.51633,5,8429,0,5,227287.840843201,235747.385025024,-2095.36206054688,8.045,70,2016,12,9120.29285980673,1,4.9245641791613
"00034389","PROPEMEX A-23-G","TUXPAN  VER.","PESCADOS Y MARISCOS MORA, S.A. DE C.V.","21-31-DIC-2016","00034389_99",23562,2016-12-24 20:48:00,20.69297,-93.4246,5,8429,0,5,224837.0885849,232819.437980652,-2168.708984375,8.045,70,2016,12,9700.65257393967,1,5.237933355259
"00034389","PROPEMEX A-23-G","TUXPAN  VER.","PESCADOS Y MARISCOS MORA, S.A. DE C.V.","21-31-DIC-2016","00034389_99",23563,2016-12-24 21:48:00,20.70362,-93.3292,5,8429,0,5,226523.733139038,234429.383277893,-2260.92358398438,11.263,74,2016,12,10004.5145858347,1,5.40200571589349
"00034389","PROPEMEX A-23-G","TUXPAN  VER.","PESCADOS Y MARISCOS MORA, S.A. DE C.V.","21-31-DIC-2016","00034389_99",23564,2016-12-24 22:48:00,20.70877,-93.23118,5,8429,0,5,224062.275886536,232078.051567078,-2245.23022460938,9.654,83,2016,12,10222.5842700589,1,5.51975392551776
"00034389","PROPEMEX A-23-G","TUXPAN  VER.","PESCADOS Y MARISCOS MORA, S.A. DE C.V.","21-31-DIC-2016","00034389_99",23565,2016-12-24 23:48:00,20.72273,-93.12985,5,8429,0,5,220651.984214783,228768.348693848,-2065.39575195313,11.263,73,2016,12,10664.0200978343,1,5.75811020401421
"00034389","PROPEMEX A-23-G","TUXPAN  VER.","PESCADOS Y MARISCOS MORA, S.A. DE C.V.","21-31-DIC-2016","00034389_99",23566,2016-12-25 00:48:00,20.7646,-93.03025,5,8429,0,5,224648.356437683,232821.488380432,-2154.5546875,14.481,66,2016,12,11366.7447231886,1,6.1375511464301
"00034389","PROPEMEX A-23-G","TUXPAN  VER.","PESCADOS Y MARISCOS MORA, S.A. DE C.V.","21-31-DIC-2016","00034389_99",23567,2016-12-25 01:48:00,20.80073,-92.92677,5,8429,0,5,228354.644775391,236608.505249023,-2357.5986328125,11.263,69,2016,12,11495.0512154598,1,6.20683110985951
"00034389","PROPEMEX A-23-G","TUXPAN  VER.","PESCADOS Y MARISCOS MORA, S.A. DE C.V.","21-31-DIC-2016","00034389_99",23568,2016-12-25 02:48:00,20.82022,-92.8214,5,8429,0,5,226766.610145569,235426.807403564,-2505.40380859375,11.263,73,2016,12,11176.3478812026,1,6.0347450762433
"00034389","PROPEMEX A-23-G","TUXPAN  VER.","PESCADOS Y MARISCOS MORA, S.A. DE C.V.","21-31-DIC-2016","00034389_99",23569,2016-12-25 03:48:00,20.84985,-92.72285,5,8429,0,5,221810.1978302,232342.982292175,-2595.23901367188,11.263,64,2016,12,10769.6276020785,1,5.81513369442683
"00034389","PROPEMEX A-23-G","TUXPAN  VER.","PESCADOS Y MARISCOS MORA, S.A. DE C.V.","21-31-DIC-2016","00034389_99",23570,2016-12-25 04:48:00,20.88388,-92.63645,5,8429,0,5,218792.700767517,232289.052009583,-2515.07250976563,11.263,66,2016,12,9751.94760533937,1,5.26563045644675
"00034389","PROPEMEX A-23-G","TUXPAN  VER.","PESCADOS Y MARISCOS MORA, S.A. DE C.V.","21-31-DIC-2016","00034389_99",23571,2016-12-25 05:48:00,20.91077,-92.55382,5,8429,0,5,213726.377487183,229520.487785339,-2168.75952148438,8.045,86,2016,12,9098.94055136889,1,4.9130348549508
"00034389","PROPEMEX A-23-G","TUXPAN  VER.","PESCADOS Y MARISCOS MORA, S.A. DE C.V.","21-31-DIC-2016","00034389_99",23572,2016-12-25 06:48:00,20.9249,-92.47032,5,8429,0,5,206386.876106262,223028.826713562,-1239.09313964844,8.045,85,2016,12,8823.45025988077,1,4.7642819977758
"00034389","PROPEMEX A-23-G","TUXPAN  VER.","PESCADOS Y MARISCOS MORA, S.A. DE C.V.","21-31-DIC-2016","00034389_99",23573,2016-12-25 07:48:00,20.9167,-92.4226,5,8429,0,5,200651.288032532,218017.888069153,-658.955871582031,6.436,192,2016,12,5045.33646121259,1,2.72426374795496
"00034389","PROPEMEX A-23-G","TUXPAN  VER.","PESCADOS Y MARISCOS MORA, S.A. DE C.V.","21-31-DIC-2016","00034389_99",23574,2016-12-25 08:48:00,20.84923,-92.421,5,8429,0,5,198660.54058075,213024.353981018,-762.6142578125,6.436,161,2016,12,7512.53706470857,1,4.05644549930268
"00034389","PROPEMEX A-23-G","TUXPAN  VER.","PESCADOS Y MARISCOS MORA, S.A. DE C.V.","21-31-DIC-2016","00034389_99",23575,2016-12-25 09:48:00,20.8063,-92.42753,5,8429,0,5,198660.54058075,213024.353981018,-762.6142578125,1.609,318,2016,12,4826.99212342432,1,2.60636723727015
"00034389","PROPEMEX A-23-G","TUXPAN  VER.","PESCADOS Y MARISCOS MORA, S.A. DE C.V.","21-31-DIC-2016","00034389_99",23576,2016-12-25 10:48:00,20.80683,-92.42837,5,8429,0,5,198660.54058075,213024.353981018,-762.6142578125,0,0,2016,12,105.457778061151,1,0.056942644741442
"00034389","PROPEMEX A-23-G","TUXPAN  VER.","PESCADOS Y MARISCOS MORA, S.A. DE C.V.","21-31-DIC-2016","00034389_99",23577,2016-12-25 11:48:00,20.80702,-92.4286,5,8429,0,5,198660.54058075,213024.353981018,-762.6142578125,3.218,179,2016,12,31.94001010571,1,0.0172462257590227
"00034389","PROPEMEX A-23-G","TUXPAN  VER.","PESCADOS Y MARISCOS MORA, S.A. DE C.V.","21-31-DIC-2016","00034389_99",23578,2016-12-25 12:48:00,20.807,-92.4286,5,8429,0,5,198660.54058075,213024.353981018,-762.6142578125,1.609,179,2016,12,2.22637999991017,1,0.00120214902802925
"00034389","PROPEMEX A-23-G","TUXPAN  VER.","PESCADOS Y MARISCOS MORA, S.A. DE C.V.","21-31-DIC-2016","00034389_99",23579,2016-12-25 13:48:00,20.80712,-92.4285,5,8429,0,5,198660.54058075,213024.353981018,-762.6142578125,1.609,0,2016,12,16.9329940567501,1,0.00914308534381756
"00034389","PROPEMEX A-23-G","TUXPAN  VER.","PESCADOS Y MARISCOS MORA, S.A. DE C.V.","21-31-DIC-2016","00034389_99",23580,2016-12-25 14:48:00,20.80708,-92.42857,5,8429,0,5,198660.54058075,213024.353981018,-762.6142578125,0,0,2016,12,8.53730606939532,1,0.00460977649535385
"00034389","PROPEMEX A-23-G","TUXPAN  VER.","PESCADOS Y MARISCOS MORA, S.A. DE C.V.","21-31-DIC-2016","00034389_99",23581,2016-12-25 15:48:00,20.80478,-92.42677,5,8429,0,5,198660.54058075,213024.353981018,-762.6142578125,3.218,174,2016,12,317.234803966595,1,0.171293090694706
"00034389","PROPEMEX A-23-G","TUXPAN  VER.","PESCADOS Y MARISCOS MORA, S.A. DE C.V.","21-31-DIC-2016","00034389_99",23582,2016-12-25 16:48:00,20.82628,-92.4203,5,8429,0,5,198660.54058075,213024.353981018,-762.6142578125,4.827,341,2016,12,2486.22817809194,1,1.34245581970407
"00034389","PROPEMEX A-23-G","TUXPAN  VER.","PESCADOS Y MARISCOS MORA, S.A. DE C.V.","21-31-DIC-2016","00034389_99",23583,2016-12-25 17:48:00,20.85568,-92.42237,5,8429,0,5,199558.556079865,215461.707115173,-717.355651855469,4.827,15,2016,12,3279.85485643432,1,1.770979944079
"00034389","PROPEMEX A-23-G","TUXPAN  VER.","PESCADOS Y MARISCOS MORA, S.A. DE C.V.","21-31-DIC-2016","00034389_99",23584,2016-12-25 18:48:00,20.88325,-92.42285,5,8429,0,5,199558.556079865,215461.707115173,-717.355651855469,1.609,10,2016,12,3069.4708403379,1,1.6573816632494
"00034389","PROPEMEX A-23-G","TUXPAN  VER.","PESCADOS Y MARISCOS MORA, S.A. DE C.V.","21-31-DIC-2016","00034389_99",23585,2016-12-25 19:48:00,20.92092,-92.42335,5,8429,0,5,200651.288032532,218017.888069153,-658.955871582031,4.827,333,2016,12,4193.70900729952,1,2.26442171020492
"00034389","PROPEMEX A-23-G","TUXPAN  VER.","PESCADOS Y MARISCOS MORA, S.A. DE C.V.","21-31-DIC-2016","00034389_99",23586,2016-12-25 20:48:00,20.9437,-92.43765,5,8429,0,5,200651.288032532,218017.888069153,-658.955871582031,4.827,320,2016,12,2939.51841716814,1,1.58721296823334
"00034389","PROPEMEX A-23-G","TUXPAN  VER.","PESCADOS Y MARISCOS MORA, S.A. DE C.V.","21-31-DIC-2016","00034389_99",23587,2016-12-25 21:48:00,20.94382,-92.43803,5,8429,0,5,200651.288032532,218017.888069153,-658.955871582031,4.827,32,2016,12,41.7037425959927,1,0.0225182195442725
"00034389","PROPEMEX A-23-G","TUXPAN  VER.","PESCADOS Y MARISCOS MORA, S.A. DE C.V.","21-31-DIC-2016","00034389_99",23588,2016-12-25 22:48:00,20.94385,-92.43803,5,8429,0,5,200651.288032532,218017.888069153,-658.955871582031,1.609,308,2016,12,3.33957000001497,1,0.00180322354212471
"00034389","PROPEMEX A-23-G","TUXPAN  VER.","PESCADOS Y MARISCOS MORA, S.A. DE C.V.","21-31-DIC-2016","00034389_99",23589,2016-12-25 23:48:00,20.9439,-92.43797,5,8429,0,5,200651.288032532,218017.888069153,-658.955871582031,0,0,2016,12,8.36006187744034,1,0.00451407228803474
"00034389","PROPEMEX A-23-G","TUXPAN  VER.","PESCADOS Y MARISCOS MORA, S.A. DE C.V.","21-31-DIC-2016","00034389_99",23590,2016-12-26 00:48:00,20.94348,-92.43765,5,8429,0,5,200651.288032532,218017.888069153,-658.955871582031,1.609,271,2016,12,57.3823835879048,1,0.0309840084167952
"00034389","PROPEMEX A-23-G","TUXPAN  VER.","PESCADOS Y MARISCOS MORA, S.A. DE C.V.","21-31-DIC-2016","00034389_99",23591,2016-12-26 01:48:00,20.91478,-92.41667,5,8429,0,5,200651.288032532,218017.888069153,-658.955871582031,6.436,172,2016,12,3868.64998127194,1,2.08890387757664
"00034389","PROPEMEX A-23-G","TUXPAN  VER.","PESCADOS Y MARISCOS MORA, S.A. DE C.V.","21-31-DIC-2016","00034389_99",23592,2016-12-26 02:48:00,20.84467,-92.41333,5,8429,0,5,198660.54058075,213024.353981018,-762.6142578125,6.436,191,2016,12,7812.30618378676,1,4.21830787461488
"00034389","PROPEMEX A-23-G","TUXPAN  VER.","PESCADOS Y MARISCOS MORA, S.A. DE C.V.","21-31-DIC-2016","00034389_99",23593,2016-12-26 03:48:00,20.78925,-92.43975,5,8429,0,5,197815.048694611,210630.083084106,-801.828552246094,3.218,225,2016,12,6754.28360218047,1,3.64702138346678
"00034389","PROPEMEX A-23-G","TUXPAN  VER.","PESCADOS Y MARISCOS MORA, S.A. DE C.V.","21-31-DIC-2016","00034389_99",23594,2016-12-26 04:48:00,20.78798,-92.44118,5,8429,0,5,197815.048694611,210630.083084106,-801.828552246094,1.609,0,2016,12,205.268762155214,1,0.110836264662642
"00034389","PROPEMEX A-23-G","TUXPAN  VER.","PESCADOS Y MARISCOS MORA, S.A. DE C.V.","21-31-DIC-2016","00034389_99",23595,2016-12-26 05:48:00,20.78793,-92.44117,5,8429,0,5,197815.048694611,210630.083084106,-801.828552246094,0,0,2016,12,5.66241126768596,1,0.00305745748795138
"00034389","PROPEMEX A-23-G","TUXPAN  VER.","PESCADOS Y MARISCOS MORA, S.A. DE C.V.","21-31-DIC-2016","00034389_99",23596,2016-12-26 06:48:00,20.7879,-92.44115,5,8429,0,5,197815.048694611,210630.083084106,-801.828552246094,1.609,29,2016,12,3.93511592624341,1,0.0021247926167621
"00034389","PROPEMEX A-23-G","TUXPAN  VER.","PESCADOS Y MARISCOS MORA, S.A. DE C.V.","21-31-DIC-2016","00034389_99",23597,2016-12-26 07:48:00,20.7881,-92.44122,5,8429,0,5,197815.048694611,210630.083084106,-801.828552246094,1.609,176,2016,12,23.4253850980542,1,0.0126486960572647
"00034389","PROPEMEX A-23-G","TUXPAN  VER.","PESCADOS Y MARISCOS MORA, S.A. DE C.V.","21-31-DIC-2016","00034389_99",23598,2016-12-26 08:48:00,20.78823,-92.44122,5,8429,0,5,197815.048694611,210630.083084106,-801.828552246094,0,0,2016,12,14.4714700000035,1,0.00781396868250727
"00034389","PROPEMEX A-23-G","TUXPAN  VER.","PESCADOS Y MARISCOS MORA, S.A. DE C.V.","21-31-DIC-2016","00034389_99",23599,2016-12-26 09:48:00,20.78858,-92.44108,5,8429,0,5,197815.048694611,210630.083084106,-801.828552246094,1.609,0,2016,12,41.5968307280763,1,0.0224604917538209
"00034389","PROPEMEX A-23-G","TUXPAN  VER.","PESCADOS Y MARISCOS MORA, S.A. DE C.V.","21-31-DIC-2016","00034389_99",23600,2016-12-26 10:48:00,20.78858,-92.4411,5,8429,0,5,197815.048694611,210630.083084106,-801.828552246094,1.609,181,2016,12,2.08143472838209,1,0.00112388484253892
"00034389","PROPEMEX A-23-G","TUXPAN  VER.","PESCADOS Y MARISCOS MORA, S.A. DE C.V.","21-31-DIC-2016","00034389_99",23601,2016-12-26 11:48:00,20.80325,-92.42908,5,8429,0,5,198660.54058075,213024.353981018,-762.6142578125,4.827,43,2016,12,2057.03759949742,1,1.11071144681286
"00034389","PROPEMEX A-23-G","TUXPAN  VER.","PESCADOS Y MARISCOS MORA, S.A. DE C.V.","21-31-DIC-2016","00034389_99",23602,2016-12-26 12:48:00,20.82678,-92.41352,5,8429,0,5,198660.54058075,213024.353981018,-762.6142578125,1.609,301,2016,12,3079.27061944953,1,1.66267312065309
"00034389","PROPEMEX A-23-G","TUXPAN  VER.","PESCADOS Y MARISCOS MORA, S.A. DE C.V.","21-31-DIC-2016","00034389_99",23603,2016-12-26 13:48:00,20.8583,-92.41533,5,8429,0,5,199558.556079865,215461.707115173,-717.355651855469,3.218,283,2016,12,3513.82292209086,1,1.89731259292163
"00034389","PROPEMEX A-23-G","TUXPAN  VER.","PESCADOS Y MARISCOS MORA, S.A. DE C.V.","21-31-DIC-2016","00034389_99",23604,2016-12-26 14:48:00,20.8585,-92.41647,5,8429,0,5,199558.556079865,215461.707115173,-717.355651855469,0,0,2016,12,120.658561571663,1,0.065150411215801
"00034389","PROPEMEX A-23-G","TUXPAN  VER.","PESCADOS Y MARISCOS MORA, S.A. DE C.V.","21-31-DIC-2016","00034389_99",23605,2016-12-26 15:48:00,20.88222,-92.41638,5,8429,0,5,199558.556079865,215461.707115173,-717.355651855469,4.827,344,2016,12,2640.50327185852,1,1.42575770618711
"00034389","PROPEMEX A-23-G","TUXPAN  VER.","PESCADOS Y MARISCOS MORA, S.A. DE C.V.","21-31-DIC-2016","00034389_99",23606,2016-12-26 16:48:00,20.91535,-92.41758,5,8429,0,5,200651.288032532,218017.888069153,-658.955871582031,4.827,326,2016,12,3690.10880357934,1,1.99249935398452
"00034389","PROPEMEX A-23-G","TUXPAN  VER.","PESCADOS Y MARISCOS MORA, S.A. DE C.V.","21-31-DIC-2016","00034389_99",23607,2016-12-26 17:48:00,20.93315,-92.41675,5,8429,0,5,200651.288032532,218017.888069153,-658.955871582031,1.609,78,2016,12,1983.35648508284,1,1.07092682779851
"00034389","PROPEMEX A-23-G","TUXPAN  VER.","PESCADOS Y MARISCOS MORA, S.A. DE C.V.","21-31-DIC-2016","00034389_99",23608,2016-12-26 18:48:00,20.93338,-92.41752,5,8429,0,5,200651.288032532,218017.888069153,-658.955871582031,1.609,91,2016,12,84.0525517190764,1,0.0453847471485294
"00034389","PROPEMEX A-23-G","TUXPAN  VER.","PESCADOS Y MARISCOS MORA, S.A. DE C.V.","21-31-DIC-2016","00034389_99",23609,2016-12-26 19:48:00,20.93332,-92.4175,5,8429,0,5,200651.288032532,218017.888069153,-658.955871582031,1.609,292,2016,12,6.99535190437436,1,0.00377718785333389
"00034389","PROPEMEX A-23-G","TUXPAN  VER.","PESCADOS Y MARISCOS MORA, S.A. DE C.V.","21-31-DIC-2016","00034389_99",23610,2016-12-26 20:48:00,20.9333,-92.4175,5,8429,0,5,200651.288032532,218017.888069153,-658.955871582031,1.609,0,2016,12,2.22637999991017,1,0.00120214902802925
"00034389","PROPEMEX A-23-G","TUXPAN  VER.","PESCADOS Y MARISCOS MORA, S.A. DE C.V.","21-31-DIC-2016","00034389_99",23611,2016-12-26 21:48:00,20.93297,-92.41748,5,8429,0,5,200651.288032532,218017.888069153,-658.955871582031,1.609,64,2016,12,36.7940772313587,1,0.0198672123279475
"00034389","PROPEMEX A-23-G","TUXPAN  VER.","PESCADOS Y MARISCOS MORA, S.A. DE C.V.","21-31-DIC-2016","00034389_99",23612,2016-12-26 22:48:00,20.93278,-92.41743,5,8429,0,5,200651.288032532,218017.888069153,-658.955871582031,0,0,2016,12,21.7801223658943,1,0.0117603252515628
"00034389","PROPEMEX A-23-G","TUXPAN  VER.","PESCADOS Y MARISCOS MORA, S.A. DE C.V.","21-31-DIC-2016","00034389_99",23613,2016-12-26 23:48:00,20.93262,-92.41738,5,8429,0,5,200651.288032532,218017.888069153,-658.955871582031,1.609,3,2016,12,18.5542078925485,1,0.0100184707843135
"00034389","PROPEMEX A-23-G","TUXPAN  VER.","PESCADOS Y MARISCOS MORA, S.A. DE C.V.","21-31-DIC-2016","00034389_99",23614,2016-12-27 00:48:00,20.93253,-92.41733,5,8429,0,5,200651.288032532,218017.888069153,-658.955871582031,1.609,316,2016,12,11.2871638235023,1,0.00609458089821939
"00034389","PROPEMEX A-23-G","TUXPAN  VER.","PESCADOS Y MARISCOS MORA, S.A. DE C.V.","21-31-DIC-2016","00034389_99",23615,2016-12-27 01:48:00,20.93452,-92.4116,5,8429,0,5,200651.288032532,218017.888069153,-658.955871582031,4.827,88,2016,12,635.605420513011,1,0.343199471119337
"00034389","PROPEMEX A-23-G","TUXPAN  VER.","PESCADOS Y MARISCOS MORA, S.A. DE C.V.","21-31-DIC-2016","00034389_99",23616,2016-12-27 02:48:00,20.86147,-92.40815,5,8429,0,5,199558.556079865,215461.707115173,-717.355651855469,8.045,184,2016,12,8139.76798197048,1,4.39512310041603
"00034389","PROPEMEX A-23-G","TUXPAN  VER.","PESCADOS Y MARISCOS MORA, S.A. DE C.V.","21-31-DIC-2016","00034389_99",23617,2016-12-27 03:48:00,20.79907,-92.4367,5,8429,0,5,197815.048694611,210630.083084106,-801.828552246094,8.045,225,2016,12,7555.01483256041,1,4.0793816590499
"00034389","PROPEMEX A-23-G","TUXPAN  VER.","PESCADOS Y MARISCOS MORA, S.A. DE C.V.","21-31-DIC-2016","00034389_99",23618,2016-12-27 04:48:00,20.79063,-92.44758,5,8429,0,5,197815.048694611,210630.083084106,-801.828552246094,1.609,0,2016,12,1471.32274803963,1,0.794450727883168
"00034389","PROPEMEX A-23-G","TUXPAN  VER.","PESCADOS Y MARISCOS MORA, S.A. DE C.V.","21-31-DIC-2016","00034389_99",23619,2016-12-27 05:48:00,20.7906,-92.44757,5,8429,0,5,197815.048694611,210630.083084106,-801.828552246094,0,170,2016,12,3.49796961436901,1,0.00188875249155994
"00034389","PROPEMEX A-23-G","TUXPAN  VER.","PESCADOS Y MARISCOS MORA, S.A. DE C.V.","21-31-DIC-2016","00034389_99",23620,2016-12-27 06:48:00,20.79073,-92.44767,5,8429,0,5,197815.048694611,210630.083084106,-801.828552246094,1.609,283,2016,12,17.8249718418412,1,0.00962471481740885
"00034389","PROPEMEX A-23-G","TUXPAN  VER.","PESCADOS Y MARISCOS MORA, S.A. DE C.V.","21-31-DIC-2016","00034389_99",23621,2016-12-27 07:48:00,20.79087,-92.44772,5,8429,0,5,197815.048694611,210630.083084106,-801.828552246094,1.609,103,2016,12,16.4304023498117,1,0.00887170753229575
"00034389","PROPEMEX A-23-G","TUXPAN  VER.","PESCADOS Y MARISCOS MORA, S.A. DE C.V.","21-31-DIC-2016","00034389_99",23622,2016-12-27 08:48:00,20.79125,-92.44782,5,8429,0,5,197815.048694611,210630.083084106,-801.828552246094,1.609,205,2016,12,43.5625830761453,1,0.0235219131080698
"00034389","PROPEMEX A-23-G","TUXPAN  VER.","PESCADOS Y MARISCOS MORA, S.A. DE C.V.","21-31-DIC-2016","00034389_99",23623,2016-12-27 09:48:00,20.79143,-92.44785,5,8429,0,5,197815.048694611,210630.083084106,-801.828552246094,1.609,3,2016,12,20.2791929270311,1,0.0109498881895416
"00034389","PROPEMEX A-23-G","TUXPAN  VER.","PESCADOS Y MARISCOS MORA, S.A. DE C.V.","21-31-DIC-2016","00034389_99",23624,2016-12-27 10:48:00,20.79153,-92.4478,5,8429,0,5,197815.048694611,210630.083084106,-801.828552246094,0,0,2016,12,12.2880207854181,1,0.00663500042409183
"00034389","PROPEMEX A-23-G","TUXPAN  VER.","PESCADOS Y MARISCOS MORA, S.A. DE C.V.","21-31-DIC-2016","00034389_99",23625,2016-12-27 11:48:00,20.79157,-92.4478,5,8429,0,5,197815.048694611,210630.083084106,-801.828552246094,1.609,7,2016,12,4.45276000004492,1,0.00240429805617976
"00034389","PROPEMEX A-23-G","TUXPAN  VER.","PESCADOS Y MARISCOS MORA, S.A. DE C.V.","21-31-DIC-2016","00034389_99",23626,2016-12-27 12:48:00,20.79148,-92.44782,5,8429,0,5,197815.048694611,210630.083084106,-801.828552246094,1.609,170,2016,12,10.2326318261225,1,0.00552517917177243
"00034389","PROPEMEX A-23-G","TUXPAN  VER.","PESCADOS Y MARISCOS MORA, S.A. DE C.V.","21-31-DIC-2016","00034389_99",23627,2016-12-27 13:48:00,20.79655,-92.4408,5,8429,0,5,197815.048694611,210630.083084106,-801.828552246094,6.436,23,2016,12,923.162530455328,1,0.498467889014756
"00034389","PROPEMEX A-23-G","TUXPAN  VER.","PESCADOS Y MARISCOS MORA, S.A. DE C.V.","21-31-DIC-2016","00034389_99",23628,2016-12-27 14:48:00,20.82207,-92.41605,5,8429,0,5,198660.54058075,213024.353981018,-762.6142578125,3.218,34,2016,12,3834.34002675396,1,2.0703779842084
"00034389","PROPEMEX A-23-G","TUXPAN  VER.","PESCADOS Y MARISCOS MORA, S.A. DE C.V.","21-31-DIC-2016","00034389_99",23629,2016-12-27 15:48:00,20.85848,-92.4089,5,8429,0,5,199558.556079865,215461.707115173,-717.355651855469,4.827,349,2016,12,4120.80222682127,1,2.22505519806764
"00034389","PROPEMEX A-23-G","TUXPAN  VER.","PESCADOS Y MARISCOS MORA, S.A. DE C.V.","21-31-DIC-2016","00034389_99",23630,2016-12-27 16:48:00,20.90052,-92.41168,5,8429,0,5,200651.288032532,218017.888069153,-658.955871582031,4.827,337,2016,12,4688.77216593232,1,2.53173443084898
"00034389","PROPEMEX A-23-G","TUXPAN  VER.","PESCADOS Y MARISCOS MORA, S.A. DE C.V.","21-31-DIC-2016","00034389_99",23631,2016-12-27 17:48:00,20.92205,-92.41388,5,8429,0,5,200651.288032532,218017.888069153,-658.955871582031,4.827,243,2016,12,2407.59015610899,1,1.29999468472408
"00034389","PROPEMEX A-23-G","TUXPAN  VER.","PESCADOS Y MARISCOS MORA, S.A. DE C.V.","21-31-DIC-2016","00034389_99",23632,2016-12-27 18:48:00,20.91983,-92.42002,5,8429,0,5,200651.288032532,218017.888069153,-658.955871582031,3.218,282,2016,12,684.603463555884,1,0.369656297816352
"00034389","PROPEMEX A-23-G","TUXPAN  VER.","PESCADOS Y MARISCOS MORA, S.A. DE C.V.","21-31-DIC-2016","00034389_99",23633,2016-12-27 19:48:00,20.91957,-92.41988,5,8429,0,5,200651.288032532,218017.888069153,-658.955871582031,0,0,2016,12,32.3976925962669,1,0.0174933545336214
"00034389","PROPEMEX A-23-G","TUXPAN  VER.","PESCADOS Y MARISCOS MORA, S.A. DE C.V.","21-31-DIC-2016","00034389_99",23634,2016-12-27 20:48:00,20.91933,-92.41972,5,8429,0,5,200651.288032532,218017.888069153,-658.955871582031,3.218,202,2016,12,31.4732368288826,1,0.0169941883525284
"00034389","PROPEMEX A-23-G","TUXPAN  VER.","PESCADOS Y MARISCOS MORA, S.A. DE C.V.","21-31-DIC-2016","00034389_99",23635,2016-12-27 21:48:00,20.91927,-92.41962,5,8429,0,5,200651.288032532,218017.888069153,-658.955871582031,1.609,0,2016,12,12.358483491299,1,0.00667304724152214
"00034389","PROPEMEX A-23-G","TUXPAN  VER.","PESCADOS Y MARISCOS MORA, S.A. DE C.V.","21-31-DIC-2016","00034389_99",23636,2016-12-27 22:48:00,20.91913,-92.41942,5,8429,0,5,200651.288032532,218017.888069153,-658.955871582031,0,0,2016,12,25.9878288331642,1,0.0140323049855098
"00034389","PROPEMEX A-23-G","TUXPAN  VER.","PESCADOS Y MARISCOS MORA, S.A. DE C.V.","21-31-DIC-2016","00034389_99",23637,2016-12-27 23:48:00,20.91912,-92.41943,5,8429,0,5,200651.288032532,218017.888069153,-658.955871582031,0,0,2016,12,1.52328794737886,1,0.000822509690809322
"00034389","PROPEMEX A-23-G","TUXPAN  VER.","PESCADOS Y MARISCOS MORA, S.A. DE C.V.","21-31-DIC-2016","00034389_99",23638,2016-12-28 00:48:00,20.91903,-92.41932,5,8429,0,5,200651.288032532,218017.888069153,-658.955871582031,1.609,336,2016,12,15.2053156730992,1,0.00821021364638188
"00034389","PROPEMEX A-23-G","TUXPAN  VER.","PESCADOS Y MARISCOS MORA, S.A. DE C.V.","21-31-DIC-2016","00034389_99",23639,2016-12-28 01:48:00,20.919,-92.41925,5,8429,0,5,200651.288032532,218017.888069153,-658.955871582031,1.609,327,2016,12,8.00826498996679,1,0.00432411716520885
"00034389","PROPEMEX A-23-G","TUXPAN  VER.","PESCADOS Y MARISCOS MORA, S.A. DE C.V.","21-31-DIC-2016","00034389_99",23640,2016-12-28 02:48:00,20.90152,-92.40835,5,8429,0,5,200651.288032532,218017.888069153,-658.955871582031,6.436,182,2016,12,2251.94320248838,1,1.21595205317947
"00034389","PROPEMEX A-23-G","TUXPAN  VER.","PESCADOS Y MARISCOS MORA, S.A. DE C.V.","21-31-DIC-2016","00034389_99",23641,2016-12-28 03:48:00,20.8276,-92.39202,5,8429,0,5,192479.562759399,207541.418075562,-225.521591186523,9.654,99,2016,12,8402.27874855365,1,4.53686757481299
"00034389","PROPEMEX A-23-G","TUXPAN  VER.","PESCADOS Y MARISCOS MORA, S.A. DE C.V.","21-31-DIC-2016","00034389_99",23642,2016-12-28 04:48:00,20.83508,-92.33543,5,8429,0,5,186052.584648132,201686.310768127,-88.5281982421875,1.609,19,2016,12,5946.19229019777,1,3.21068698174826
"00034389","PROPEMEX A-23-G","TUXPAN  VER.","PESCADOS Y MARISCOS MORA, S.A. DE C.V.","21-31-DIC-2016","00034389_99",23643,2016-12-28 05:48:00,20.83517,-92.33553,5,8429,0,5,186052.584648132,201686.310768127,-88.5281982421875,0,0,2016,12,14.4435757930888,1,0.00779890701570671
"00034389","PROPEMEX A-23-G","TUXPAN  VER.","PESCADOS Y MARISCOS MORA, S.A. DE C.V.","21-31-DIC-2016","00034389_99",23644,2016-12-28 06:48:00,20.83515,-92.33553,5,8429,0,5,186052.584648132,201686.310768127,-88.5281982421875,0,0,2016,12,2.22637999991017,1,0.00120214902802925
"00034389","PROPEMEX A-23-G","TUXPAN  VER.","PESCADOS Y MARISCOS MORA, S.A. DE C.V.","21-31-DIC-2016","00034389_99",23645,2016-12-28 07:48:00,20.83525,-92.3356,5,8429,0,5,186052.584648132,201686.310768127,-88.5281982421875,0,0,2016,12,13.3025517755212,1,0.00718280333451471
"00034389","PROPEMEX A-23-G","TUXPAN  VER.","PESCADOS Y MARISCOS MORA, S.A. DE C.V.","21-31-DIC-2016","00034389_99",23646,2016-12-28 08:48:00,20.83532,-92.33562,5,8429,0,5,186052.584648132,201686.310768127,-88.5281982421875,4.827,353,2016,12,8.06536369090112,1,0.00435494799724683
"00034389","PROPEMEX A-23-G","TUXPAN  VER.","PESCADOS Y MARISCOS MORA, S.A. DE C.V.","21-31-DIC-2016","00034389_99",23647,2016-12-28 09:48:00,20.83552,-92.33568,5,8429,0,5,186052.584648132,201686.310768127,-88.5281982421875,0,0,2016,12,23.1223668478403,1,0.0124850792914904
"00034389","PROPEMEX A-23-G","TUXPAN  VER.","PESCADOS Y MARISCOS MORA, S.A. DE C.V.","21-31-DIC-2016","00034389_99",23648,2016-12-28 10:48:00,20.83568,-92.33565,5,8429,0,5,186052.584648132,201686.310768127,-88.5281982421875,0,0,2016,12,18.0824470060633,1,0.00976374028405147
"00034389","PROPEMEX A-23-G","TUXPAN  VER.","PESCADOS Y MARISCOS MORA, S.A. DE C.V.","21-31-DIC-2016","00034389_99",23649,2016-12-28 11:48:00,20.83578,-92.33558,5,8429,0,5,186052.584648132,201686.310768127,-88.5281982421875,0,0,2016,12,13.30253773935,1,0.00718279575558857
"00034389","PROPEMEX A-23-G","TUXPAN  VER.","PESCADOS Y MARISCOS MORA, S.A. DE C.V.","21-31-DIC-2016","00034389_99",23650,2016-12-28 12:48:00,20.84102,-92.34762,5,8429,0,5,186052.584648132,201686.310768127,-88.5281982421875,1.609,296,2016,12,1381.74837817161,1,0.746084437457671
"00034389","PROPEMEX A-23-G","TUXPAN  VER.","PESCADOS Y MARISCOS MORA, S.A. DE C.V.","21-31-DIC-2016","00034389_99",23651,2016-12-28 13:48:00,20.85007,-92.36317,5,8429,0,5,193448.638916016,210049.605369568,-215.971633911133,1.609,0,2016,12,1905.7118442081,1,1.02900207570632
"00034389","PROPEMEX A-23-G","TUXPAN  VER.","PESCADOS Y MARISCOS MORA, S.A. DE C.V.","21-31-DIC-2016","00034389_99",23652,2016-12-28 14:48:00,20.82705,-92.36717,5,8429,0,5,192479.562759399,207541.418075562,-225.521591186523,4.827,264,2016,12,2596.1389573051,1,1.40180289271334
"00034389","PROPEMEX A-23-G","TUXPAN  VER.","PESCADOS Y MARISCOS MORA, S.A. DE C.V.","21-31-DIC-2016","00034389_99",23653,2016-12-28 15:48:00,20.83123,-92.40247,5,8429,0,5,198660.54058075,213024.353981018,-762.6142578125,4.827,330,2016,12,3702.05229403036,1,1.99894832291056
"00034389","PROPEMEX A-23-G","TUXPAN  VER.","PESCADOS Y MARISCOS MORA, S.A. DE C.V.","21-31-DIC-2016","00034389_99",23654,2016-12-28 16:48:00,20.86285,-92.40638,5,8429,0,5,199558.556079865,215461.707115173,-717.355651855469,1.609,5,2016,12,3543.32680071221,1,1.91324341291156
"00034389","PROPEMEX A-23-G","TUXPAN  VER.","PESCADOS Y MARISCOS MORA, S.A. DE C.V.","21-31-DIC-2016","00034389_99",23655,2016-12-28 17:48:00,20.9059,-92.40897,5,8429,0,5,200651.288032532,218017.888069153,-658.955871582031,6.436,349,2016,12,4799.84558007203,1,2.59170927649678
"00034389","PROPEMEX A-23-G","TUXPAN  VER.","PESCADOS Y MARISCOS MORA, S.A. DE C.V.","21-31-DIC-2016","00034389_99",23656,2016-12-28 18:48:00,20.91563,-92.42023,5,8429,0,5,200651.288032532,218017.888069153,-658.955871582031,8.045,63,2016,12,1595.01985564505,1,0.861241822702512
"00034389","PROPEMEX A-23-G","TUXPAN  VER.","PESCADOS Y MARISCOS MORA, S.A. DE C.V.","21-31-DIC-2016","00034389_99",23657,2016-12-28 19:48:00,20.91992,-92.4078,5,8429,0,5,200651.288032532,218017.888069153,-658.955871582031,1.609,184,2016,12,1377.88722639542,1,0.743999582286944
"00034389","PROPEMEX A-23-G","TUXPAN  VER.","PESCADOS Y MARISCOS MORA, S.A. DE C.V.","21-31-DIC-2016","00034389_99",23658,2016-12-28 20:48:00,20.9196,-92.4037,5,8429,0,5,200651.288032532,218017.888069153,-658.955871582031,1.609,65,2016,12,427.808221804777,1,0.230997959937785
"00034389","PROPEMEX A-23-G","TUXPAN  VER.","PESCADOS Y MARISCOS MORA, S.A. DE C.V.","21-31-DIC-2016","00034389_99",23659,2016-12-28 21:48:00,20.91785,-92.39945,5,8429,0,5,194581.007957459,212675.762176514,-195.563934326172,1.609,180,2016,12,482.957428188055,1,0.260776149129619
"00034389","PROPEMEX A-23-G","TUXPAN  VER.","PESCADOS Y MARISCOS MORA, S.A. DE C.V.","21-31-DIC-2016","00034389_99",23660,2016-12-28 22:48:00,20.9147,-92.39445,5,8429,0,5,194581.007957459,212675.762176514,-195.563934326172,1.609,185,2016,12,627.119057599333,1,0.338617201727502
"00034389","PROPEMEX A-23-G","TUXPAN  VER.","PESCADOS Y MARISCOS MORA, S.A. DE C.V.","21-31-DIC-2016","00034389_99",23661,2016-12-28 23:48:00,20.90998,-92.38997,5,8429,0,5,194581.007957459,212675.762176514,-195.563934326172,1.609,154,2016,12,702.212659165648,1,0.379164502789227
"00034389","PROPEMEX A-23-G","TUXPAN  VER.","PESCADOS Y MARISCOS MORA, S.A. DE C.V.","21-31-DIC-2016","00034389_99",23662,2016-12-29 00:48:00,20.90398,-92.38597,5,8429,0,5,194581.007957459,212675.762176514,-195.563934326172,1.609,97,2016,12,786.853429169106,1,0.424866862402325
"00034389","PROPEMEX A-23-G","TUXPAN  VER.","PESCADOS Y MARISCOS MORA, S.A. DE C.V.","21-31-DIC-2016","00034389_99",23663,2016-12-29 01:48:00,20.8981,-92.38415,5,8429,0,5,193448.638916016,210049.605369568,-215.971633911133,11.263,266,2016,12,681.371682817141,1,0.367911275819191
"00034389","PROPEMEX A-23-G","TUXPAN  VER.","PESCADOS Y MARISCOS MORA, S.A. DE C.V.","21-31-DIC-2016","00034389_99",23664,2016-12-29 02:48:00,20.86177,-92.41738,5,8429,0,5,199558.556079865,215461.707115173,-717.355651855469,9.654,184,2016,12,5320.14643826537,1,2.87264926472212
"00034389","PROPEMEX A-23-G","TUXPAN  VER.","PESCADOS Y MARISCOS MORA, S.A. DE C.V.","21-31-DIC-2016","00034389_99",23665,2016-12-29 03:48:00,20.77332,-92.41657,5,8429,0,5,197815.048694611,210630.083084106,-801.828552246094,11.263,175,2016,12,9846.52647614187,1,5.31669896119971
"00034389","PROPEMEX A-23-G","TUXPAN  VER.","PESCADOS Y MARISCOS MORA, S.A. DE C.V.","21-31-DIC-2016","00034389_99",23666,2016-12-29 04:48:00,20.74813,-92.4108,5,8429,0,5,196931.052207947,208299.422264099,-823.890197753906,1.609,199,2016,12,2867.73543416177,1,1.5484532581867
"00034389","PROPEMEX A-23-G","TUXPAN  VER.","PESCADOS Y MARISCOS MORA, S.A. DE C.V.","21-31-DIC-2016","00034389_99",23667,2016-12-29 05:48:00,20.73613,-92.40693,5,8429,0,5,196931.052207947,208299.422264099,-823.890197753906,0,0,2016,12,1395.26441128949,1,0.753382511495406
"00034389","PROPEMEX A-23-G","TUXPAN  VER.","PESCADOS Y MARISCOS MORA, S.A. DE C.V.","21-31-DIC-2016","00034389_99",23668,2016-12-29 06:48:00,20.724,-92.40572,5,8429,0,5,196931.052207947,208299.422264099,-823.890197753906,1.609,187,2016,12,1356.1636227172,1,0.732269774685312
"00034389","PROPEMEX A-23-G","TUXPAN  VER.","PESCADOS Y MARISCOS MORA, S.A. DE C.V.","21-31-DIC-2016","00034389_99",23669,2016-12-29 07:48:00,20.7115,-92.40703,5,8429,0,5,196931.052207947,208299.422264099,-823.890197753906,1.609,169,2016,12,1398.15713427774,1,0.754944456953421
"00034389","PROPEMEX A-23-G","TUXPAN  VER.","PESCADOS Y MARISCOS MORA, S.A. DE C.V.","21-31-DIC-2016","00034389_99",23670,2016-12-29 08:48:00,20.69905,-92.41065,5,8429,0,5,195853.078365326,205968.332290649,-869.593627929688,0,0,2016,12,1436.27275636757,1,0.775525246418775
"00034389","PROPEMEX A-23-G","TUXPAN  VER.","PESCADOS Y MARISCOS MORA, S.A. DE C.V.","21-31-DIC-2016","00034389_99",23671,2016-12-29 09:48:00,20.68813,-92.41703,5,8429,0,5,195853.078365326,205968.332290649,-869.593627929688,1.609,208,2016,12,1385.33168359723,1,0.748019267601098
"00034389","PROPEMEX A-23-G","TUXPAN  VER.","PESCADOS Y MARISCOS MORA, S.A. DE C.V.","21-31-DIC-2016","00034389_99",23672,2016-12-29 10:48:00,20.67822,-92.42455,5,8429,0,5,195853.078365326,205968.332290649,-869.593627929688,0,0,2016,12,1352.91312227884,1,0.730514644858986
"00034389","PROPEMEX A-23-G","TUXPAN  VER.","PESCADOS Y MARISCOS MORA, S.A. DE C.V.","21-31-DIC-2016","00034389_99",23673,2016-12-29 11:48:00,20.6692,-92.43242,5,8429,0,5,195853.078365326,205968.332290649,-869.593627929688,0,0,2016,12,1296.18837876419,1,0.69988573367397
"00034389","PROPEMEX A-23-G","TUXPAN  VER.","PESCADOS Y MARISCOS MORA, S.A. DE C.V.","21-31-DIC-2016","00034389_99",23674,2016-12-29 12:48:00,20.70498,-92.43037,5,8429,0,5,196931.052207947,208299.422264099,-823.890197753906,9.654,8,2016,12,3988.70995198141,1,2.15373107558391
"00034389","PROPEMEX A-23-G","TUXPAN  VER.","PESCADOS Y MARISCOS MORA, S.A. DE C.V.","21-31-DIC-2016","00034389_99",23675,2016-12-29 13:48:00,20.76222,-92.41688,5,8429,0,5,197815.048694611,210630.083084106,-801.828552246094,6.436,350,2016,12,6524.78392057703,1,3.52310146899408
"00034389","PROPEMEX A-23-G","TUXPAN  VER.","PESCADOS Y MARISCOS MORA, S.A. DE C.V.","21-31-DIC-2016","00034389_99",23676,2016-12-29 14:48:00,20.79953,-92.41797,5,8429,0,5,197815.048694611,210630.083084106,-801.828552246094,1.609,324,2016,12,4154.86052852589,1,2.2434452097872
"00034389","PROPEMEX A-23-G","TUXPAN  VER.","PESCADOS Y MARISCOS MORA, S.A. DE C.V.","21-31-DIC-2016","00034389_99",23677,2016-12-29 15:48:00,20.8329,-92.4194,5,8429,0,5,198660.54058075,213024.353981018,-762.6142578125,3.218,359,2016,12,3717.69322240892,1,2.00739374860093
"00034389","PROPEMEX A-23-G","TUXPAN  VER.","PESCADOS Y MARISCOS MORA, S.A. DE C.V.","21-31-DIC-2016","00034389_99",23678,2016-12-29 16:48:00,20.87618,-92.41722,5,8429,0,5,199558.556079865,215461.707115173,-717.355651855469,6.436,357,2016,12,4823.21901131077,1,2.60432991971424
"00034389","PROPEMEX A-23-G","TUXPAN  VER.","PESCADOS Y MARISCOS MORA, S.A. DE C.V.","21-31-DIC-2016","00034389_99",23679,2016-12-29 17:48:00,20.90437,-92.42,5,8429,0,5,200651.288032532,218017.888069153,-658.955871582031,8.045,335,2016,12,3151.37104537255,1,1.70160423616229
"00034389","PROPEMEX A-23-G","TUXPAN  VER.","PESCADOS Y MARISCOS MORA, S.A. DE C.V.","21-31-DIC-2016","00034389_99",23680,2016-12-29 18:48:00,20.97475,-92.43718,5,8429,0,5,201854.634284973,220656.538009644,-609.389526367188,9.654,352,2016,12,8035.56498915328,1,4.33885798550393
"00034389","PROPEMEX A-23-G","TUXPAN  VER.","PESCADOS Y MARISCOS MORA, S.A. DE C.V.","21-31-DIC-2016","00034389_99",23681,2016-12-29 19:48:00,21.0505,-92.45927,5,8429,0,5,210263.967514038,231082.344055176,-1037.67663574219,8.045,344,2016,12,8739.12570368588,1,4.71875037995998
"00034389","PROPEMEX A-23-G","TUXPAN  VER.","PESCADOS Y MARISCOS MORA, S.A. DE C.V.","21-31-DIC-2016","00034389_99",23682,2016-12-29 20:48:00,21.12898,-92.4741,5,8429,0,5,211661.314964294,233937.835693359,-989.965515136719,9.654,332,2016,12,8870.98747205539,1,4.7899500389068
"00034389","PROPEMEX A-23-G","TUXPAN  VER.","PESCADOS Y MARISCOS MORA, S.A. DE C.V.","21-31-DIC-2016","00034389_99",23683,2016-12-29 21:48:00,21.20323,-92.48202,5,8429,0,5,213803.935050964,239609.503746033,-874.990234375,8.045,352,2016,12,8306.20549374112,1,4.48499216724682
"00034389","PROPEMEX A-23-G","TUXPAN  VER.","PESCADOS Y MARISCOS MORA, S.A. DE C.V.","21-31-DIC-2016","00034389_99",23684,2016-12-29 22:48:00,21.27843,-92.48995,5,8429,0,5,214729.809761047,242481.04095459,-800.588012695313,8.045,348,2016,12,8411.50640188789,1,4.54185010901074
"00034389","PROPEMEX A-23-G","TUXPAN  VER.","PESCADOS Y MARISCOS MORA, S.A. DE C.V.","21-31-DIC-2016","00034389_99",23685,2016-12-29 23:48:00,21.3556,-92.4907,5,8429,0,5,217393.636703491,248902.106285095,-956.917541503906,8.045,354,2016,12,8590.83913006565,1,4.6386820356726
"00034389","PROPEMEX A-23-G","TUXPAN  VER.","PESCADOS Y MARISCOS MORA, S.A. DE C.V.","21-31-DIC-2016","00034389_99",23686,2016-12-30 00:48:00,21.4309,-92.49353,5,8429,0,5,218829.63180542,252192.091941834,-932.7861328125,9.654,358,2016,12,8387.44874801099,1,4.52886001512472
"00034389","PROPEMEX A-23-G","TUXPAN  VER.","PESCADOS Y MARISCOS MORA, S.A. DE C.V.","21-31-DIC-2016","00034389_99",23687,2016-12-30 01:48:00,21.50342,-92.49833,5,8429,0,5,221749.424934387,258693.814277649,-895.302368164063,6.436,37,2016,12,8088.14672196257,1,4.3672498498718
"00034389","PROPEMEX A-23-G","TUXPAN  VER.","PESCADOS Y MARISCOS MORA, S.A. DE C.V.","21-31-DIC-2016","00034389_99",23688,2016-12-30 02:48:00,21.5163,-92.48567,5,8429,0,5,221749.424934387,258693.814277649,-895.302368164063,8.045,77,2016,12,1942.85995114833,1,1.04906044878419
"00034389","PROPEMEX A-23-G","TUXPAN  VER.","PESCADOS Y MARISCOS MORA, S.A. DE C.V.","21-31-DIC-2016","00034389_99",23689,2016-12-30 03:48:00,21.51577,-92.48985,5,8429,0,5,221749.424934387,258693.814277649,-895.302368164063,0,0,2016,12,436.890862327357,1,0.235902193481294
"00034389","PROPEMEX A-23-G","TUXPAN  VER.","PESCADOS Y MARISCOS MORA, S.A. DE C.V.","21-31-DIC-2016","00034389_99",23690,2016-12-30 04:48:00,21.51688,-92.49807,5,8429,0,5,221749.424934387,258693.814277649,-895.302368164063,1.609,0,2016,12,860.193536719406,1,0.464467352440284
"00034389","PROPEMEX A-23-G","TUXPAN  VER.","PESCADOS Y MARISCOS MORA, S.A. DE C.V.","21-31-DIC-2016","00034389_99",23691,2016-12-30 05:48:00,21.51823,-92.50578,5,8429,0,5,224870.419502258,261189.365386963,-1603.92944335938,0,0,2016,12,812.468399198481,1,0.438697839740001
"00034389","PROPEMEX A-23-G","TUXPAN  VER.","PESCADOS Y MARISCOS MORA, S.A. DE C.V.","21-31-DIC-2016","00034389_99",23692,2016-12-30 06:48:00,21.52007,-92.51332,5,8429,0,5,224870.419502258,261189.365386963,-1603.92944335938,1.609,316,2016,12,807.251796319061,1,0.435881099524331
"00034389","PROPEMEX A-23-G","TUXPAN  VER.","PESCADOS Y MARISCOS MORA, S.A. DE C.V.","21-31-DIC-2016","00034389_99",23693,2016-12-30 07:48:00,21.52233,-92.51968,5,8429,0,5,224870.419502258,261189.365386963,-1603.92944335938,0,0,2016,12,705.03804491541,1,0.380690089047198
"00034389","PROPEMEX A-23-G","TUXPAN  VER.","PESCADOS Y MARISCOS MORA, S.A. DE C.V.","21-31-DIC-2016","00034389_99",23694,2016-12-30 08:48:00,21.52597,-92.52503,5,8429,0,5,224870.419502258,261189.365386963,-1603.92944335938,1.609,0,2016,12,686.3841750049,1,0.37061780507824
"00034389","PROPEMEX A-23-G","TUXPAN  VER.","PESCADOS Y MARISCOS MORA, S.A. DE C.V.","21-31-DIC-2016","00034389_99",23695,2016-12-30 09:48:00,21.53002,-92.52998,5,8429,0,5,224870.419502258,261189.365386963,-1603.92944335938,1.609,325,2016,12,682.640444590136,1,0.368596352370484
"00034389","PROPEMEX A-23-G","TUXPAN  VER.","PESCADOS Y MARISCOS MORA, S.A. DE C.V.","21-31-DIC-2016","00034389_99",23696,2016-12-30 10:48:00,21.53365,-92.53427,5,8429,0,5,224870.419502258,261189.365386963,-1603.92944335938,1.609,345,2016,12,600.519599102628,1,0.324254643143968
"00034389","PROPEMEX A-23-G","TUXPAN  VER.","PESCADOS Y MARISCOS MORA, S.A. DE C.V.","21-31-DIC-2016","00034389_99",23697,2016-12-30 11:48:00,21.51807,-92.4953,5,8429,0,5,221749.424934387,258693.814277649,-895.302368164063,4.827,37,2016,12,4392.63028771364,1,2.37183060891665
"00034389","PROPEMEX A-23-G","TUXPAN  VER.","PESCADOS Y MARISCOS MORA, S.A. DE C.V.","21-31-DIC-2016","00034389_99",23698,2016-12-30 12:48:00,21.4765,-92.4958,5,8429,0,5,220283.699035645,255452.513694763,-912.72900390625,9.654,196,2016,12,4627.82068562675,1,2.49882326437729
"00034389","PROPEMEX A-23-G","TUXPAN  VER.","PESCADOS Y MARISCOS MORA, S.A. DE C.V.","21-31-DIC-2016","00034389_99",23699,2016-12-30 13:48:00,21.39548,-92.49325,5,8429,0,5,217393.636703491,248902.106285095,-956.917541503906,9.654,178,2016,12,9022.93717628188,1,4.87199631548698
"00034389","PROPEMEX A-23-G","TUXPAN  VER.","PESCADOS Y MARISCOS MORA, S.A. DE C.V.","21-31-DIC-2016","00034389_99",23700,2016-12-30 14:48:00,21.37505,-92.49478,5,8429,0,5,217393.636703491,248902.106285095,-956.917541503906,11.263,209,2016,12,2279.77082163396,1,1.2309777654611
"00034389","PROPEMEX A-23-G","TUXPAN  VER.","PESCADOS Y MARISCOS MORA, S.A. DE C.V.","21-31-DIC-2016","00034389_99",23701,2016-12-30 15:48:00,21.36925,-92.49778,5,8429,0,5,217393.636703491,248902.106285095,-956.917541503906,3.218,106,2016,12,716.647690007804,1,0.386958795900542
"00034389","PROPEMEX A-23-G","TUXPAN  VER.","PESCADOS Y MARISCOS MORA, S.A. DE C.V.","21-31-DIC-2016","00034389_99",23702,2016-12-30 16:48:00,21.36362,-92.50115,5,8429,0,5,220428.800582886,251305.341720581,-1604.91564941406,1.609,254,2016,12,717.525821444653,1,0.387432948944197
"00034389","PROPEMEX A-23-G","TUXPAN  VER.","PESCADOS Y MARISCOS MORA, S.A. DE C.V.","21-31-DIC-2016","00034389_99",23703,2016-12-30 17:48:00,21.36017,-92.50588,5,8429,0,5,220428.800582886,251305.341720581,-1604.91564941406,1.609,0,2016,12,622.862799460059,1,0.336319006187937
"00034389","PROPEMEX A-23-G","TUXPAN  VER.","PESCADOS Y MARISCOS MORA, S.A. DE C.V.","21-31-DIC-2016","00034389_99",23704,2016-12-30 18:48:00,21.35872,-92.51398,5,8429,0,5,220428.800582886,251305.341720581,-1604.91564941406,3.218,283,2016,12,855.127028342009,1,0.461731656772143
"00034389","PROPEMEX A-23-G","TUXPAN  VER.","PESCADOS Y MARISCOS MORA, S.A. DE C.V.","21-31-DIC-2016","00034389_99",23705,2016-12-30 19:48:00,21.38223,-92.49562,5,8429,0,5,217393.636703491,248902.106285095,-956.917541503906,3.218,26,2016,12,3235.923398094,1,1.74725885426242
"00034389","PROPEMEX A-23-G","TUXPAN  VER.","PESCADOS Y MARISCOS MORA, S.A. DE C.V.","21-31-DIC-2016","00034389_99",23706,2016-12-30 20:48:00,21.40818,-92.49523,5,8429,0,5,218829.63180542,252192.091941834,-932.7861328125,4.827,338,2016,12,2889.01080658301,1,1.5599410402716
"00034389","PROPEMEX A-23-G","TUXPAN  VER.","PESCADOS Y MARISCOS MORA, S.A. DE C.V.","21-31-DIC-2016","00034389_99",23707,2016-12-30 21:48:00,21.4272,-92.49555,5,8429,0,5,218829.63180542,252192.091941834,-932.7861328125,1.609,170,2016,12,2117.54703210111,1,1.14338392662047
"00034389","PROPEMEX A-23-G","TUXPAN  VER.","PESCADOS Y MARISCOS MORA, S.A. DE C.V.","21-31-DIC-2016","00034389_99",23708,2016-12-30 22:48:00,21.44612,-92.49655,5,8429,0,5,218829.63180542,252192.091941834,-932.7861328125,6.436,18,2016,12,2108.70250235117,1,1.13860826260862
"00034389","PROPEMEX A-23-G","TUXPAN  VER.","PESCADOS Y MARISCOS MORA, S.A. DE C.V.","21-31-DIC-2016","00034389_99",23709,2016-12-30 23:48:00,21.4713,-92.49692,5,8429,0,5,220283.699035645,255452.513694763,-912.72900390625,4.827,353,2016,12,2803.27447580519,1,1.51364712516479
"00034389","PROPEMEX A-23-G","TUXPAN  VER.","PESCADOS Y MARISCOS MORA, S.A. DE C.V.","21-31-DIC-2016","00034389_99",23710,2016-12-31 00:48:00,21.50102,-92.49743,5,8429,0,5,221749.424934387,258693.814277649,-895.302368164063,4.827,352,2016,12,3308.8223307591,1,1.7866211289196
"00034389","PROPEMEX A-23-G","TUXPAN  VER.","PESCADOS Y MARISCOS MORA, S.A. DE C.V.","21-31-DIC-2016","00034389_99",23711,2016-12-31 01:48:00,21.51992,-92.49783,5,8429,0,5,221749.424934387,258693.814277649,-895.302368164063,1.609,34,2016,12,2104.33684832623,1,1.13625099801632
"00034389","PROPEMEX A-23-G","TUXPAN  VER.","PESCADOS Y MARISCOS MORA, S.A. DE C.V.","21-31-DIC-2016","00034389_99",23712,2016-12-31 02:48:00,21.53103,-92.49623,5,8429,0,5,221749.424934387,258693.814277649,-895.302368164063,4.827,33,2016,12,1247.8025061182,1,0.673759452547622
"00034389","PROPEMEX A-23-G","TUXPAN  VER.","PESCADOS Y MARISCOS MORA, S.A. DE C.V.","21-31-DIC-2016","00034389_99",23713,2016-12-31 03:48:00,21.57368,-92.45485,5,8429,0,5,223467.993736267,262093.52016449,-960.354431152344,4.827,37,2016,12,6394.61623954578,1,3.4528165440312
"00034389","PROPEMEX A-23-G","TUXPAN  VER.","PESCADOS Y MARISCOS MORA, S.A. DE C.V.","21-31-DIC-2016","00034389_99",23714,2016-12-31 04:48:00,21.63005,-92.42015,5,8429,0,5,219940.423965454,261494.898796082,-544.211059570313,4.827,51,2016,12,7229.79093003139,1,3.90377480023293
"00034389","PROPEMEX A-23-G","TUXPAN  VER.","PESCADOS Y MARISCOS MORA, S.A. DE C.V.","21-31-DIC-2016","00034389_99",23715,2016-12-31 05:48:00,21.65235,-92.4552,5,8429,0,5,227136.921882629,269012.355804443,-924.097595214844,9.654,268,2016,12,4394.69312146576,1,2.37294445003551
"00034389","PROPEMEX A-23-G","TUXPAN  VER.","PESCADOS Y MARISCOS MORA, S.A. DE C.V.","21-31-DIC-2016","00034389_99",23716,2016-12-31 06:48:00,21.65168,-92.50002,5,8429,0,5,230300.092697144,271513.58127594,-1467.38049316406,1.609,25,2016,12,4637.8913541581,1,2.50426099036615
"00034389","PROPEMEX A-23-G","TUXPAN  VER.","PESCADOS Y MARISCOS MORA, S.A. DE C.V.","21-31-DIC-2016","00034389_99",23717,2016-12-31 07:48:00,21.6574,-92.50682,5,8429,0,5,230300.092697144,271513.58127594,-1467.38049316406,0,0,2016,12,948.895130300856,1,0.512362381371952
"00034389","PROPEMEX A-23-G","TUXPAN  VER.","PESCADOS Y MARISCOS MORA, S.A. DE C.V.","21-31-DIC-2016","00034389_99",23718,2016-12-31 08:48:00,21.65945,-92.5136,5,8429,0,5,230300.092697144,271513.58127594,-1467.38049316406,1.609,0,2016,12,737.640836983292,1,0.398294188435903
"00034389","PROPEMEX A-23-G","TUXPAN  VER.","PESCADOS Y MARISCOS MORA, S.A. DE C.V.","21-31-DIC-2016","00034389_99",23719,2016-12-31 09:48:00,21.66673,-92.51935,5,8429,0,5,230300.092697144,271513.58127594,-1467.38049316406,0,0,2016,12,1005.29143902985,1,0.542813951959963
"00034389","PROPEMEX A-23-G","TUXPAN  VER.","PESCADOS Y MARISCOS MORA, S.A. DE C.V.","21-31-DIC-2016","00034389_99",23720,2016-12-31 10:48:00,21.66992,-92.52687,5,8429,0,5,230300.092697144,271513.58127594,-1467.38049316406,1.609,301,2016,12,855.171450496859,1,0.461755642816878
"00034389","PROPEMEX A-23-G","TUXPAN  VER.","PESCADOS Y MARISCOS MORA, S.A. DE C.V.","21-31-DIC-2016","00034389_99",23721,2016-12-31 11:48:00,21.67357,-92.53447,5,8429,0,5,230300.092697144,271513.58127594,-1467.38049316406,1.609,334,2016,12,884.998472981042,1,0.47786094653404
"00034389","PROPEMEX A-23-G","TUXPAN  VER.","PESCADOS Y MARISCOS MORA, S.A. DE C.V.","21-31-DIC-2016","00034389_99",23722,2016-12-31 12:48:00,21.67793,-92.54115,5,8429,0,5,230300.092697144,271513.58127594,-1467.38049316406,1.609,298,2016,12,844.436304997967,1,0.455959127968665
"00034389","PROPEMEX A-23-G","TUXPAN  VER.","PESCADOS Y MARISCOS MORA, S.A. DE C.V.","21-31-DIC-2016","00034389_99",23723,2016-12-31 13:48:00,21.65152,-92.4676,5,8429,0,5,227136.921882629,269012.355804443,-924.097595214844,9.654,96,2016,12,8157.99800166203,1,4.40496652357561
"00034389","PROPEMEX A-23-G","TUXPAN  VER.","PESCADOS Y MARISCOS MORA, S.A. DE C.V.","21-31-DIC-2016","00034389_99",23724,2016-12-31 14:48:00,21.63793,-92.39067,5,8429,0,5,214402.12726593,257269.287109375,-210.508880615234,9.654,184,2016,12,8102.7821002416,1,4.37515232194471
"00034389","PROPEMEX A-23-G","TUXPAN  VER.","PESCADOS Y MARISCOS MORA, S.A. DE C.V.","21-31-DIC-2016","00034389_99",23725,2016-12-31 15:48:00,21.59735,-92.39235,5,8429,0,5,212496.376037598,253695.53565979,-202.154861450195,1.609,9,2016,12,4520.67049706174,1,2.44096679107006
"00034389","PROPEMEX A-23-G","TUXPAN  VER.","PESCADOS Y MARISCOS MORA, S.A. DE C.V.","21-31-DIC-2016","00034389_99",23726,2016-12-31 16:48:00,21.60347,-92.39438,5,8429,0,5,214402.12726593,257269.287109375,-210.508880615234,1.609,231,2016,12,712.934386217442,1,0.384953772255638
"00034389","PROPEMEX A-23-G","TUXPAN  VER.","PESCADOS Y MARISCOS MORA, S.A. DE C.V.","21-31-DIC-2016","00034389_99",23727,2016-12-31 17:48:00,21.60855,-92.39573,5,8429,0,5,214402.12726593,257269.287109375,-210.508880615234,3.218,68,2016,12,582.505176913592,1,0.314527633322674
"00034389","PROPEMEX A-23-G","TUXPAN  VER.","PESCADOS Y MARISCOS MORA, S.A. DE C.V.","21-31-DIC-2016","00034389_99",23728,2016-12-31 18:48:00,21.61438,-92.3953,5,8429,0,5,214402.12726593,257269.287109375,-210.508880615234,0,0,2016,12,650.513713375302,1,0.351249305278241
"00034389","PROPEMEX A-23-G","TUXPAN  VER.","PESCADOS Y MARISCOS MORA, S.A. DE C.V.","21-31-DIC-2016","00034389_99",23729,2016-12-31 19:48:00,21.60345,-92.39208,5,8429,0,5,214402.12726593,257269.287109375,-210.508880615234,3.218,153,2016,12,1261.53354711303,1,0.681173621551311
"00034389","PROPEMEX A-23-G","TUXPAN  VER.","PESCADOS Y MARISCOS MORA, S.A. DE C.V.","21-31-DIC-2016","00034389_99",23730,2016-12-31 20:48:00,21.61245,-92.3904,5,8429,0,5,214402.12726593,257269.287109375,-210.508880615234,4.827,356,2016,12,1016.84590592172,1,0.549052864968531
"00034389","PROPEMEX A-23-G","TUXPAN  VER.","PESCADOS Y MARISCOS MORA, S.A. DE C.V.","21-31-DIC-2016","00034389_99",23731,2016-12-31 21:48:00,21.64682,-92.39352,5,8429,0,5,214402.12726593,257269.287109375,-210.508880615234,4.827,351,2016,12,3839.62886135508,1,2.07323372643363
"00034389","PROPEMEX A-23-G","TUXPAN  VER.","PESCADOS Y MARISCOS MORA, S.A. DE C.V.","21-31-DIC-2016","00034389_99",23732,2016-12-31 22:48:00,21.65073,-92.41953,5,8429,0,5,221897.792816162,265053.701400757,-515.814086914063,4.827,261,2016,12,2726.10818931553,1,1.47198066377728
"00034389","PROPEMEX A-23-G","TUXPAN  VER.","PESCADOS Y MARISCOS MORA, S.A. DE C.V.","21-31-DIC-2016","00034389_99",23733,2016-12-31 23:48:00,21.64968,-92.45903,5,8429,0,5,225246.071815491,265524.744987488,-990.760620117188,1.609,231,2016,12,4088.58669056225,1,2.20766020008761
